py,characters
A,阿啊呵腌吖锕A
A,啊呵嗄
A,啊呵
A,啊呵
A,阿啊呵
Ai,哀挨埃唉哎捱锿
Ai,呆挨癌皑捱
Ai,矮哎蔼霭嗳
Ai,爱碍艾唉哎隘暧嗳瑷嗌嫒砹
An,安谙鞍氨庵桉鹌广厂
An,俺铵揞埯
An,案按暗岸黯胺犴
Ang,肮
Ang,昂
Ang,盎
Ao,熬凹
Ao,熬敖嚣嗷鏖鳌翱獒聱螯廒遨
Ao,袄拗媪
Ao,奥澳傲懊坳拗骜岙鏊
Ba,八吧巴叭芭扒疤笆粑岜捌B
Ba,八拔跋茇菝魃
Ba,把靶钯
Ba,把爸罢霸坝耙灞鲅
Ba,吧罢
Bai,掰
Bai,白
Bai,百摆伯柏佰捭
Bai,败拜呗稗
Ban,般班搬斑颁扳瘢癍
Ban,版板阪坂钣舨
Ban,办半伴扮瓣拌绊
Bang,帮邦浜梆
Bang,膀榜绑
Bang,棒膀傍磅谤镑蚌蒡
Bao,包胞炮剥褒苞孢煲龅
Bao,薄雹
Bao,保宝饱堡葆褓鸨
Bao,报暴抱爆鲍曝刨瀑豹趵
Bei,背悲杯碑卑陂埤萆鹎
Bei,北
Bei,被备背辈倍贝蓓惫悖狈焙邶钡孛碚褙鐾鞴
Bei,臂呗
Ben,奔贲锛
Ben,本苯畚
Ben,奔笨夯坌
Beng,崩绷嘣
Beng,甭
Beng,绷
Beng,绷蹦迸甏泵蚌
Bi,逼
Bi,鼻荸
Bi,比笔彼鄙匕俾妣吡秕舭
Bi,必毕币秘避闭壁臂弊辟碧拂毙蔽庇璧敝泌陛弼篦婢愎痹铋裨濞髀庳毖滗蓖埤芘嬖荜贲畀萆薜筚箅哔襞跸狴
Bian,编边鞭砭煸蝙笾鳊
Bian,贬扁匾碥窆褊
Bian,便变遍辩辨辫卞苄汴忭弁缏
Bian,边
Biao,标彪勺镖膘骠镳杓飚飑飙瘭髟
Biao,表裱婊
Biao,鳔
Bie,憋瘪鳖
Bie,别蹩
Bie,瘪
Bie,别
Bin,宾滨彬斌缤濒槟傧玢豳镔
Bin,鬓殡摈膑髌
Bing,并兵冰槟
Bing,饼屏丙柄秉炳禀邴
Bing,并病摒
Bo,般波播拨剥玻饽菠钵趵
Bo,百博伯勃薄泊柏驳魄脖搏膊舶礴帛铂箔渤钹孛亳鹁踣
Bo,簸跛
Bo,薄柏簸掰擘檗
Bo,卜啵
Bu,逋晡钸
Bu,不醭
Bu,补捕堡卜哺卟
Bu,不部布步怖簿埔埠瓿钚
Ca,擦拆嚓C
Ca,礤
Cai,猜
Cai,才财材裁
Cai,采彩踩睬
Cai,采菜蔡
Can,参餐骖
Can,残惭蚕
Can,惨黪
Can,惨灿掺璨孱粲
Cang,苍仓沧舱伧
Cang,藏
Cao,操糙
Cao,曹槽嘈漕螬艚
Cao,草
Ce,策测侧厕册恻
Cen,参
Cen,岑涔
Ceng,噌
Ceng,曾层
Ceng,蹭
Cha,差插叉碴喳嚓杈馇锸
Cha,查察茶叉茬碴楂猹搽槎檫
Cha,叉衩镲
Cha,差刹叉诧岔衩杈汊姹
Chai,差拆钗
Chai,柴豺侪
Chai,虿瘥
Chan,搀掺觇
Chan,单缠禅蝉馋潺蟾婵谗廛孱镡澶躔
Chan,产铲阐谄冁蒇骣
Chan,颤忏羼
Chang,昌娼猖伥阊菖鲳
Chang,长场常尝肠偿倘裳嫦徜苌
Chang,场厂敞氅昶惝
Chang,唱畅倡怅鬯
Chao,超抄吵钞绰剿焯怊
Chao,朝潮嘲巢晁
Chao,炒吵
Chao,耖
Che,车砗
Che,尺扯
Che,彻撤澈掣坼
Chen,郴琛嗔抻
Chen,陈沉晨沈尘臣辰橙忱谌宸
Chen,碜
Chen,称趁衬秤谶榇龀
Chen,伧
Cheng,称撑秤瞠噌铛柽蛏
Cheng,成城程承诚盛乘呈惩澄橙丞埕枨塍铖裎酲
Cheng,逞骋裎
Cheng,称秤
Chi,吃痴哧嗤蚩笞鸱媸螭眵魑
Chi,持迟池驰匙弛踟墀茌篪坻
Chi,尺齿耻侈褫豉
Chi,赤斥翅啻炽敕叱饬傺彳瘛
Chong,冲充涌憧忡艟舂茺
Chong,种重崇虫
Chong,宠
Chong,冲铳
Chou,抽瘳
Chou,愁仇筹酬绸踌惆畴稠帱俦雠
Chou,丑瞅
Chou,臭
Chu,出初樗
Chu,除厨躇橱雏锄蜍刍滁蹰
Chu,处楚储础杵褚楮
Chu,处触畜矗怵搐绌黜亍憷
Chuai,揣搋
Chuai,揣
Chuai,揣啜踹嘬膪
Chuan,穿川巛氚
Chuan,传船遄椽舡
Chuan,喘舛
Chuan,串钏
Chuang,创窗疮
Chuang,床幢
Chuang,闯
Chuang,创怆
Chui,吹炊
Chui,垂锤捶陲椎槌棰
Chun,春椿蝽
Chun,纯唇醇淳鹑莼
Chun,蠢
Chuo,戳踔
Chuo,绰啜辍龊
Ci,差刺疵呲
Ci,词辞慈磁瓷兹茨雌祠茈鹚糍
Ci,此
Ci,次刺赐伺
Cong,从匆聪葱囱苁骢璁枞
Cong,从丛琮淙
Cou,凑楱辏腠
Cu,粗
Cu,徂殂
Cu,促簇醋卒猝蹴蹙蔟酢
Cuan,蹿撺汆镩
Cuan,攒
Cuan,窜篡爨
Cui,衰催摧崔隹榱
Cui,璀
Cui,脆粹萃翠瘁悴淬毳啐
Cun,村皴
Cun,存蹲
Cun,忖
Cun,寸
Cuo,搓撮磋蹉
Cuo,嵯矬痤瘥鹾
Cuo,撮脞
Cuo,错措挫厝锉
Da,答搭嗒耷褡哒D
Da,打达答瘩沓鞑怛笪靼妲
Da,打
Da,大
Da,塔疸
Dai,待呆呔
Dai,逮歹傣
Dai,大代带待戴袋贷逮殆黛怠玳岱迨骀绐埭甙
Dan,单担丹耽眈殚箪儋瘅聃郸
Dan,担胆掸赕疸瘅
Dan,但担石弹淡旦蛋诞惮啖澹氮萏瘅
Dang,当裆铛
Dang,党挡谠
Dang,当荡档挡宕菪凼砀
Dao,刀叨忉氘
Dao,叨
Dao,导倒岛蹈捣祷
Dao,到道倒悼盗稻焘帱纛
De,得德锝
De,的地得底
Dei,得
Deng,登灯蹬噔簦
Deng,等戥
Deng,邓凳瞪澄蹬磴镫嶝
Di,提低滴堤嘀氐镝羝
Di,的敌迪笛涤嘀狄嫡翟荻籴觌镝
Di,底抵诋邸砥坻柢氐骶
Di,的地第帝弟递蒂缔谛睇棣娣碲绨
Dia,嗲
Dian,颠滇掂癫巅
Dian,点典碘踮丶
Dian,电店甸淀垫殿奠惦佃玷簟坫靛钿癜阽
Diao,雕刁凋叼貂碉鲷
Diao,鸟
Diao,调掉吊钓铫铞
Die,爹跌踮
Die,叠迭碟谍蝶喋佚牒耋蹀堞瓞揲垤鲽
Ding,丁盯钉叮町酊疔仃耵玎
Ding,顶鼎酊
Ding,定订钉铤腚锭碇啶
Diu,丢铥
Dong,东冬咚岽氡鸫
Dong,懂董硐
Dong,动洞冻栋恫侗垌峒胨胴硐
Dou,都兜蔸篼
Dou,斗抖陡蚪
Dou,读斗豆逗窦痘
Du,都督嘟
Du,读独顿毒渎牍犊黩髑椟
Du,肚睹堵赌笃
Du,度渡肚杜妒镀芏蠹
Duan,端
Duan,短
Duan,断段锻缎煅椴簖
Dui,堆
Dui,对队兑敦碓憝怼镦
Dun,吨敦蹲墩礅镦
Dun,盹趸
Dun,顿盾钝炖遁沌囤砘
Duo,多咄哆掇裰
Duo,度夺踱铎
Duo,朵躲垛哚缍
Duo,舵堕跺剁惰垛驮沲柁
E,阿婀屙E
E,额俄哦鹅娥峨蛾讹莪锇
E,恶
E,恶饿扼愕遏噩呃厄鄂轭颚鳄谔锷萼腭垩鹗苊阏
E,呃
Ei,诶
Ei,诶
Ei,诶
En,恩蒽
En,摁
Er,而儿鸸鲕
Er,尔耳迩饵洱珥铒
Er,二贰佴
Fa,发F
Fa,罚乏伐阀筏垡
Fa,法砝
Fa,发珐
Fan,翻番帆藩幡蕃
Fan,凡烦繁泛樊蕃燔矾蘩钒蹯
Fan,反返
Fan,饭犯范贩泛梵畈
Fang,方芳妨坊邡枋钫
Fang,房防妨坊肪鲂
Fang,访仿纺彷舫
Fang,放
Fei,非飞啡菲扉霏妃绯蜚鲱
Fei,肥腓淝
Fei,菲匪诽斐蜚翡悱篚榧
Fei,费废沸肺吠痱狒镄芾
Fen,分纷氛芬吩酚玢
Fen,坟焚汾棼鼢
Fen,粉
Fen,分份奋愤粪忿偾瀵鲼
Feng,风封丰峰疯锋蜂枫烽酆葑沣砜
Feng,逢缝冯
Feng,讽唪
Feng,奉缝凤俸葑
Fo,佛
Fou,否缶
Fu,夫肤敷孵呋稃麸趺跗
Fu,夫服福佛幅伏符浮扶弗拂袱俘芙孚匐辐涪氟桴蜉苻茯莩菔幞怫艴郛绂绋凫祓砩黻罘稃蚨芾蝠
Fu,府父腐抚辅甫俯斧脯釜腑拊滏黼
Fu,服复父负副富付妇附赴腹覆赋傅缚咐阜讣驸赙馥蝮鲋鳆
Fu,咐
Ga,夹咖嘎胳伽旮G
Ga,嘎噶轧尜钆
Ga,嘎尕
Ga,尬
Gai,该赅垓陔
Gai,改
Gai,概盖丐钙芥溉戤
Gan,干甘肝杆尴乾竿坩苷柑泔矸疳酐
Gan,感敢赶杆橄秆擀澉
Gan,干赣淦绀旰
Gang,刚钢纲缸扛杠冈肛罡
Gang,港岗
Gang,钢杠戆筻
Gao,高糕膏皋羔睾篙槔
Gao,稿搞藁槁缟镐杲
Gao,告膏诰郜锆
Ge,歌格哥戈割胳搁疙咯鸽屹仡圪纥袼
Ge,革格隔葛阁胳搁蛤嗝骼颌搿膈镉塥鬲
Ge,个各合盖葛哿舸
Ge,个各铬硌虼
Gei,给
Gen,根跟
Gen,哏
Gen,艮
Gen,亘艮茛
Geng,更耕庚羹赓
Geng,耿颈梗哽鲠埂绠
Geng,更
Gong,工公共红供功攻宫恭躬龚弓肱蚣觥
Gong,巩拱汞珙
Gong,共供贡
Gou,句沟勾钩篝佝枸缑鞲
Gou,狗苟岣枸笱
Gou,够购构勾觏垢诟媾遘彀
Gu,姑骨孤估辜咕呱箍沽菇轱鸪毂菰蛄酤觚
Gu,骨
Gu,古股鼓骨谷贾汩蛊毂鹄牯臌诂瞽罟钴嘏蛄鹘
Gu,故顾固估雇锢梏牿崮痼鲴
Gua,括瓜刮呱栝胍鸹
Gua,寡呱剐
Gua,挂褂卦诖
Guai,乖掴
Guai,拐
Guai,怪
Guan,关观官冠棺矜莞倌纶鳏
Guan,管馆莞
Guan,观惯冠贯罐灌掼盥涫鹳
Guang,光咣胱桄
Guang,广犷
Guang,逛桄
Gui,规归瑰龟硅闺皈傀圭妫鲑
Gui,鬼轨诡癸匦庋宄晷簋
Gui,贵桂跪柜刽炔刿桧炅鳜
Gun,滚鲧衮绲磙辊
Gun,棍
Guo,过锅郭涡聒蝈崞埚呙
Guo,国帼掴馘虢
Guo,果裹猓椁蜾
Guo,过
Ha,哈铪H
Ha,虾蛤
Ha,哈
Ha,哈
Hai,嘿咳嗨
Hai,还孩骸
Hai,海胲醢
Hai,害亥骇氦
Han,酣憨顸鼾蚶
Han,含寒汗韩涵函晗焓邯邗
Han,喊罕阚
Han,汉汗憾翰撼旱捍悍瀚焊颔菡撖
Hang,夯
Hang,行航吭杭绗珩颃
Hang,行巷沆
Hao,蒿薅嚆
Hao,号毫豪嚎壕貉嗥濠蚝
Hao,好郝
Hao,好号浩耗皓昊灏镐颢
He,喝呵诃嗬
He,和何合河核盒禾荷阂涸阖貉曷颌劾菏盍纥蚵翮
He,和何喝赫吓贺荷鹤壑褐
Hei,黑嘿嗨
Hen,痕
Hen,很狠
Hen,恨
Heng,哼亨
Heng,行横衡恒蘅珩桁
Heng,横
Hng,哼
Hong,轰哄烘薨訇
Hong,红洪鸿宏虹弘泓闳蕻黉荭
Hong,哄
Hong,哄讧蕻
Hou,侯喉猴瘊篌糇骺
Hou,吼
Hou,后候後厚侯逅堠鲎
Hu,乎呼戏忽糊惚唿滹轷烀
Hu,和胡湖糊核壶狐葫弧蝴囫瑚斛鹄醐猢槲鹕觳煳鹘
Hu,虎浒唬琥
Hu,护户互糊虎沪祜扈戽笏岵怙瓠鹱冱
Hua,华化花哗砉
Hua,华划滑哗豁猾骅铧
Hua,话华化划画桦
Huai,怀徊淮槐踝
Huai,坏
Huai,划
Huan,欢獾
Huan,还环寰鬟桓圜洹郇缳锾萑
Huan,缓
Huan,换患幻唤宦焕痪涣浣奂擐豢漶逭鲩
Huang,荒慌肓
Huang,黄皇煌惶徨璜簧凰潢蝗蟥遑隍磺癀湟篁鳇
Huang,晃恍谎幌
Huang,晃
Hui,挥辉灰恢徽堕诙晖麾珲咴虺隳
Hui,回徊蛔茴洄
Hui,毁悔虺
Hui,会汇惠慧溃绘讳贿晦秽诲彗烩荟卉喙恚浍哕缋桧蕙蟪
Hun,婚昏荤阍
Hun,混魂浑馄珲
Hun,混诨溷
Huo,豁劐攉锪耠
Huo,和活
Huo,火伙夥钬
Huo,和或获货祸惑霍豁藿嚯镬蠖
Ji,其几期机基击奇激积鸡迹绩饥缉圾姬矶肌讥叽稽畸跻羁嵇唧畿齑箕屐剞玑赍犄墼芨丌咭笄乩J
Ji,革及即辑级极集急籍吉疾嫉藉脊棘汲岌笈瘠诘亟楫蒺殛佶戢嵴蕺
Ji,几给己革济纪挤脊戟虮掎麂
Ji,记系计济寄际技纪继既齐季寂祭忌剂冀妓骥蓟悸伎暨霁稷偈鲫髻觊荠跽哜鲚洎芰
Jia,家加佳夹嘉茄挟枷珈迦伽浃痂笳葭镓袈跏
Jia,夹颊戛荚郏恝铗袷蛱
Jia,假角脚甲搅贾缴绞饺矫佼狡剿侥皎胛铰挢岬徼湫敫钾嘏瘕
Jia,价假架驾嫁稼
Jia,家
Jian,间坚监渐兼艰肩浅尖奸溅煎歼缄笺菅蒹搛湔缣戋犍鹣鲣鞯
Jian,简减检剪捡拣俭碱茧柬蹇謇硷睑锏枧戬谫囝裥笕翦趼
Jian,见间件建监渐健剑键荐鉴践舰箭贱溅槛谏僭涧饯毽锏楗腱牮踺
Jiang,将江疆姜浆僵缰茳礓豇
Jiang,讲奖蒋桨耩
Jiang,将强降酱浆虹匠犟绛洚糨
Jiao,教交焦骄郊胶椒娇浇姣跤蕉礁鲛僬鹪蛟艽茭
Jiao,嚼矫峤
Jiao,角脚搅缴绞饺矫佼狡剿侥皎挢徼湫敫铰
Jiao,教觉校叫较轿嚼窖酵噍峤徼醮
Jie,接结节街阶皆揭楷嗟秸疖喈
Jie,结节杰捷截洁劫竭睫桔拮孑诘桀碣偈颉讦婕羯鲒
Jie,解姐
Jie,界解价介借戒届藉诫芥疥蚧骱
Jie,家价
Jin,今金禁津斤筋巾襟矜衿
Jin,尽仅紧谨锦瑾馑卺廑堇槿
Jin,进近尽仅禁劲晋浸靳缙烬噤觐荩赆妗
Jing,经京精惊睛晶荆兢鲸泾旌茎腈菁粳
Jing,警景井颈憬阱儆刭肼
Jing,经境竟静敬镜劲竞净径靖痉迳胫弪婧獍靓
Jiong,扃
Jiong,窘炯迥炅
Jiu,究纠揪鸠赳啾阄鬏
Jiu,九酒久韭灸玖
Jiu,就旧救疚舅咎臼鹫僦厩桕柩
Ju,据且居俱拘驹鞠锯趄掬疽裾苴椐锔狙琚雎鞫
Ju,局菊桔橘锔
Ju,举柜矩咀沮踽龃榉莒枸
Ju,据句具剧巨聚拒距俱惧沮瞿锯炬趄飓踞遽倨钜犋屦榘窭讵醵苣
Juan,捐圈娟鹃涓镌蠲
Juan,卷锩
Juan,圈卷倦眷隽绢狷桊鄄
Jue,嗟撅噘
Jue,觉绝决角脚嚼掘诀崛爵抉倔獗厥蹶攫谲矍孓橛噱珏桷劂爝镢蕨觖
Jue,蹶
Jue,倔
Jun,军均君钧筠龟菌皲麇
Jun,俊峻隽菌郡骏竣捃浚
Ka,咖喀咔K
Ka,卡咯咔佧胩
Kai,开揩锎
Kai,慨凯铠楷恺蒈剀垲锴
Kai,忾
Kan,看刊堪勘龛戡
Kan,侃砍坎槛阚莰
Kan,看嵌瞰阚
Kang,康慷糠闶
Kang,扛
Kang,抗炕亢伉闶钪
Kao,尻
Kao,考烤拷栲
Kao,靠铐犒
Ke,科颗柯呵棵苛磕坷嗑瞌轲稞疴蝌钶窠颏珂髁
Ke,咳壳颏
Ke,可渴坷轲岢
Ke,可克客刻课恪嗑溘骒缂氪锞蚵
Ken,肯恳啃垦龈
Ken,裉
Keng,坑吭铿
Kong,空倥崆箜
Kong,恐孔倥
Kong,空控
Kou,抠芤眍
Kou,口
Kou,扣寇叩蔻筘
Ku,哭枯窟骷刳堀
Ku,苦
Ku,库裤酷喾绔
Kua,夸
Kua,垮侉
Kua,跨挎胯
Kuai,蒯
Kuai,会快块筷脍哙侩狯浍郐
Kuan,宽髋
Kuan,款
Kuang,框筐匡哐诓
Kuang,狂诳
Kuang,夼
Kuang,况矿框旷眶邝圹纩贶
Kui,亏窥盔岿悝
Kui,魁睽逵葵奎馗夔喹隗暌揆蝰
Kui,傀跬
Kui,愧溃馈匮喟聩篑蒉愦
Kun,昆坤鲲锟醌琨髡
Kun,捆悃阃
Kun,困
Kuo,括适阔扩廓栝蛞
La,拉啦喇垃邋L
La,拉喇旯砬
La,拉喇
La,落拉辣腊蜡剌瘌
La,蓝啦
Lai,来莱徕涞崃铼
Lai,赖睐癞籁赉濑
Lan,兰蓝栏拦篮澜婪岚斓阑褴镧谰
Lan,懒览揽榄缆漤罱
Lan,烂滥
Lang,啷
Lang,狼郎廊琅螂榔锒稂阆
Lang,朗
Lang,浪郎莨蒗阆
Lao,捞
Lao,劳牢唠崂铹痨醪
Lao,老姥佬潦栳铑
Lao,落络唠烙酪涝耢
Le,肋
Le,乐勒仂叻泐鳓
Le,了
Lei,勒擂
Lei,累雷擂羸镭嫘缧檑
Lei,累蕾垒磊儡诔耒
Lei,类泪累擂肋酹
Lei,嘞
Leng,棱
Leng,楞棱塄
Leng,冷
Leng,愣
Li,哩
Li,离丽黎璃漓狸梨篱犁厘罹藜骊蜊黧缡喱鹂嫠蠡鲡蓠
Li,里理李礼哩鲤俚逦娌悝澧锂蠡醴鳢
Li,力利立历例丽励厉莉笠粒俐栗隶吏沥雳莅戾俪砺痢郦詈荔枥呖唳猁溧砾栎轹傈坜苈疠疬蛎鬲篥粝跞藓
Li,璃哩
Lia,俩
Lian,联连怜莲廉帘涟镰裢濂臁奁蠊鲢
Lian,脸敛琏蔹裣
Lian,练恋炼链殓楝潋
Liang,量良梁凉粮粱踉莨椋墚
Liang,两俩魉
Liang,量亮辆凉谅晾踉靓
Liao,撩撂
Liao,聊疗辽僚寥撩撂缭寮燎嘹獠鹩
Liao,了潦燎蓼钌
Liao,了料廖镣撩撂尥钌
Lie,咧
Lie,裂咧
Lie,列烈裂劣猎趔冽洌捩埒躐鬣
Lie,咧
Lin,林临秘邻琳淋霖麟鳞磷嶙辚粼遴啉瞵
Lin,凛懔檩廪
Lin,淋吝躏赁蔺膦
Ling,拎
Ling,令灵零龄凌玲铃陵伶聆囹棱菱苓翎棂瓴绫酃泠羚蛉柃鲮
Ling,领令岭
Ling,令另呤
Liu,溜熘
Liu,留流刘瘤榴浏硫琉遛馏镏旒骝鎏
Liu,柳绺锍
Liu,六陆溜碌遛馏镏鹨
Lo,咯
Long,隆
Long,龙隆笼胧咙聋珑窿茏栊泷砻癃
Long,笼拢垄陇垅
Long,弄
Lou,搂
Lou,楼喽偻娄髅蝼蒌耧
Lou,搂篓嵝
Lou,露陋漏镂瘘
Lou,喽
Lu,噜撸
Lu,卢炉庐芦颅泸轳鲈垆胪鸬舻栌
Lu,鲁芦卤虏掳橹镥
Lu,六路陆录露绿鹿碌禄辘麓赂漉戮簏鹭潞璐辂渌蓼逯
Lu,轳氇
Lv,旅履屡侣缕吕捋铝偻褛膂稆
Lv,律绿率虑滤氯
Lv,驴榈闾
Luan,峦挛孪栾銮滦鸾娈脔
Luan,卵
Luan,乱
Lue,掠
Lue,略掠锊
Lun,抡
Lun,论轮伦沦仑抡囵纶
Lun,论
Luo,落罗捋
Luo,罗逻萝螺锣箩骡猡椤脶镙
Luo,裸倮蠃瘰
Luo,落络洛骆咯摞烙珞泺漯荦硌雒
Luo,罗
M,呒M
Ma,妈麻摩抹蚂嬷
Ma,吗麻蟆
Ma,马吗码玛蚂犸
Ma,骂蚂唛杩
Ma,么吗嘛
Mai,埋霾
Mai,买荬
Mai,卖麦迈脉劢
Man,颟
Man,埋蛮馒瞒蔓谩鳗鞔
Man,满螨
Man,慢漫曼蔓谩墁幔缦熳镘
Mang,忙茫盲芒氓邙硭
Mang,莽蟒漭
Mao,猫
Mao,毛猫矛茅髦锚牦旄蝥蟊茆
Mao,卯铆峁泖昴
Mao,冒贸帽貌茂耄瑁懋袤瞀
Me,么麽
Mei,没眉梅媒枚煤霉玫糜酶莓嵋湄楣猸镅鹛
Mei,美每镁浼
Mei,妹魅昧谜媚寐袂
Men,闷
Men,门扪钔
Men,闷懑焖
Men,们
Meng,蒙
Meng,蒙盟朦氓萌檬瞢甍礞虻艨
Meng,蒙猛勐懵蠓蜢锰艋
Meng,梦孟
Mi,眯咪
Mi,迷弥谜靡糜醚麋猕祢縻蘼
Mi,米眯靡弭敉脒芈
Mi,密秘觅蜜谧泌汨宓幂嘧糸
Mian,棉眠绵
Mian,免缅勉腼冕娩渑湎沔眄黾
Mian,面
Miao,喵
Miao,描苗瞄鹋
Miao,秒渺藐缈淼杪邈眇
Miao,妙庙缪
Mie,乜咩
Mie,灭蔑篾蠛
Min,民珉岷缗玟苠
Min,敏悯闽泯皿抿闵愍黾鳘
Ming,名明鸣盟铭冥茗溟瞑暝螟
Ming,酩
Ming,命
Miu,谬缪
Mo,摸
Mo,无模麽磨摸摩魔膜蘑馍摹谟嫫
Mo,抹
Mo,没万默莫末冒磨寞漠墨抹陌脉嘿沫蓦茉貉秣镆殁瘼耱貊貘
Mou,哞
Mou,谋牟眸缪鍪蛑侔
Mou,某
Mu,模毪
Mu,母姆姥亩拇牡
Mu,目木幕慕牧墓募暮牟穆睦沐坶苜仫钼
N,嗯唔
N,嗯唔
N,嗯
Na,那南N
Na,拿镎
Na,那哪
Na,那呢纳娜呐捺钠肭衲
Na,哪呐
Nai,哪乃奶氖艿
Nai,奈耐鼐佴萘柰
Nan,囝囡
Nan,难南男楠喃
Nan,腩蝻赧
Nan,难
Nang,囊囔
Nang,囊馕
Nang,馕攮曩
Nao,孬
Nao,努挠呶猱铙硇蛲
Nao,脑恼瑙垴
Nao,闹淖
Ne,哪
Ne,呢呐讷
Ne,呢呐
Nei,哪馁
Nei,那内
Nen,嫩恁
Neng,能
Ng,嗯唔
Ng,嗯唔
Ng,嗯
Ni,妮
Ni,呢尼泥倪霓坭猊怩铌鲵
Ni,你拟旎祢
Ni,泥尿逆匿腻昵溺睨慝伲
Nian,蔫拈
Nian,年粘黏鲇鲶
Nian,碾捻撵辇
Nian,念廿酿埝
Niang,娘酿
Niang,酿
Niao,鸟袅嬲茑
Niao,尿溺脲
Nie,捏
Nie,涅聂孽蹑嗫啮镊镍乜陧颞臬蘖
Nin,您恁
Ning,宁凝拧咛狞柠苎甯聍
Ning,拧
Ning,宁拧泞佞
Niu,妞
Niu,牛
Niu,纽扭钮狃忸
Niu,拗
Nong,农浓侬哝脓
Nong,弄
Nou,耨
Nu,奴孥驽
Nu,努弩胬
Nu,怒
Nv,女钕
Nv,恧衄
Nuan,暖
Nue,虐疟
Nuo,娜挪傩
Nuo,诺懦糯喏搦锘
O,噢喔O
O,哦
O,哦
Ou,区欧殴鸥讴瓯沤
Ou,偶呕藕耦
Ou,呕沤怄
Pa,派扒趴啪葩P
Pa,爬扒耙杷钯筢
Pa,怕帕
Pa,琶
Pai,拍
Pai,排牌徘俳
Pai,排迫
Pai,派湃蒎哌
Pan,番攀潘扳
Pan,般盘胖磐蹒爿蟠
Pan,判盼叛畔拚襻袢泮
Pang,乓膀滂
Pang,旁庞膀磅彷螃逄
Pang,耪
Pang,胖
Pao,炮抛泡脬
Pao,跑炮袍刨咆狍匏庖
Pao,跑
Pao,炮泡疱
Pei,呸胚醅
Pei,陪培赔裴锫
Pei,配佩沛辔帔旆霈
Pen,喷
Pen,盆湓
Pen,喷
Peng,烹抨砰澎怦嘭
Peng,朋鹏彭棚蓬膨篷澎硼堋蟛
Peng,捧
Peng,碰
Pi,批坏披辟劈坯霹噼丕纰砒邳铍
Pi,皮疲啤脾琵毗郫鼙裨埤陴芘枇罴铍陂蚍蜱貔
Pi,否匹劈痞癖圮擗吡庀仳疋
Pi,屁辟僻譬媲淠甓睥
Pian,片篇偏翩扁犏
Pian,便蹁缏胼骈
Pian,谝
Pian,片骗
Piao,漂飘剽缥螵
Piao,朴瓢嫖
Piao,漂瞟缥殍莩
Piao,票漂骠嘌
Pie,撇瞥氕
Pie,撇丿苤
Pin,拼拚姘
Pin,贫频嫔颦
Pin,品榀
Pin,聘牝
Ping,乒娉俜
Ping,平评瓶凭萍屏冯苹坪枰鲆
Po,颇坡泊朴泼陂泺攴钋
Po,繁婆鄱皤
Po,叵钷笸
Po,破迫朴魄粕珀
Pou,剖
Pou,裒掊
Pou,掊
Pu,铺扑仆噗
Pu,葡蒲仆脯菩匍璞濮莆镤
Pu,普堡朴谱浦溥埔圃氆镨蹼
Pu,暴铺堡曝瀑
Qi,期七妻欺缉戚凄漆栖沏蹊嘁萋槭柒欹桤Q
Qi,其奇棋齐旗骑歧琪祈脐祺祁崎琦淇岐荠俟耆芪颀圻骐畦亓萁蕲畦蛴蜞綦鳍麒
Qi,起企启岂乞稽绮杞芑屺綮
Qi,气妻器汽齐弃泣契迄砌憩汔亟讫葺碛
Qia,掐伽葜袷
Qia,卡
Qia,恰洽髂
Qian,千签牵迁谦铅骞悭芊愆阡仟岍扦佥搴褰钎
Qian,前钱潜乾虔钳掮黔荨钤犍箝鬈
Qian,浅遣谴缱肷
Qian,欠歉纤嵌倩堑茜芡慊椠
Qiang,将枪抢腔呛锵跄羌戕戗镪蜣锖
Qiang,强墙蔷樯嫱
Qiang,强抢襁镪羟
Qiang,呛跄炝戗
Qiao,悄敲雀锹跷橇缲硗劁
Qiao,桥乔侨瞧翘蕉憔樵峤谯荞鞒
Qiao,悄巧雀愀
Qiao,翘俏窍壳峭撬鞘诮谯
Qie,切
Qie,茄伽
Qie,且
Qie,切窃怯趄妾砌惬锲挈郄箧慊
Qin,亲钦侵衾
Qin,琴秦勤芹擒矜覃禽噙廑溱檎锓嗪芩螓
Qin,寝
Qin,沁揿吣
Qing,青清轻倾卿氢蜻圊鲭
Qing,情晴擎氰檠黥
Qing,请顷謦苘
Qing,亲庆罄磬箐綮
Qiong,穷琼穹茕邛蛩筇跫銎
Qiu,秋邱丘龟蚯鳅楸湫
Qiu,求球仇囚酋裘虬俅遒赇泅逑犰蝤巯鼽
Qiu,糗
Qu,区曲屈趋驱躯觑岖蛐祛蛆麴诎黢
Qu,渠瞿衢癯劬璩氍朐磲鸲蕖蠼蘧
Qu,取曲娶龋苣
Qu,去趣觑阒
Qu,戌
Quan,圈悛
Quan,全权泉拳诠颧蜷荃铨痊醛辁筌鬈
Quan,犬绻畎
Quan,劝券
Que,缺阙炔
Que,瘸
Que,却确雀榷鹊阕阙悫
Qun,逡
Qun,群裙麇
Ran,然燃髯蚺R
Ran,染冉苒
Rang,嚷
Rang,瓤禳穰
Rang,嚷攘壤禳
Rang,让
Rao,饶娆桡荛
Rao,扰绕娆
Rao,绕
Re,若惹喏
Re,热
Ren,人任仁壬
Ren,忍稔荏
Ren,任认韧刃纫饪仞葚妊轫衽
Reng,扔
Reng,仍
Ri,日
Rong,容荣融蓉溶绒熔榕戎嵘茸狨肜蝾
Rong,冗
Rou,柔揉蹂糅鞣
Rou,肉
Ru,如儒茹嚅濡孺蠕薷铷襦颥
Ru,辱乳汝
Ru,入褥缛洳溽蓐
Ruan,软阮朊
Rui,蕤
Rui,蕊
Rui,瑞锐芮睿枘蚋
Run,润闰
Ruo,若弱偌箬
Sa,撒仨挲S
Sa,洒撒
Sa,萨卅飒脎
Sai,思塞腮鳃噻
Sai,赛塞
San,三叁毵
San,散伞馓糁霰
San,散
Sang,丧桑
Sang,嗓搡磉颡
Sang,丧
Sao,骚搔臊缲缫鳋
Sao,扫嫂
Sao,扫梢臊埽瘙
Se,色塞涩瑟啬铯穑
Sen,森
Seng,僧
Sha,杀沙刹纱杉莎煞砂挲鲨痧裟铩
Sha,傻
Sha,沙啥厦煞霎嗄歃唼
Shai,筛酾
Shai,色
Shai,晒
Shan,山衫删煽扇珊杉栅跚姗潸膻芟埏钐舢苫髟
Shan,闪陕掺掸
Shan,单善扇禅擅膳讪汕赡缮嬗掸骟剡苫鄯钐疝蟮鳝
Shang,商伤汤殇觞熵墒
Shang,上赏晌垧
Shang,上尚绱
Shang,裳
Shao,烧稍梢捎鞘蛸筲艄
Shao,勺韶苕杓芍
Shao,少
Shao,少绍召稍哨邵捎潲劭
She,奢赊猞畲
She,折舌蛇佘
She,舍
She,社设舍涉射摄赦慑麝滠歙厍
Shei,谁
Shen,身深参申伸绅呻莘娠诜砷糁
Shen,什神甚
Shen,审沈婶谂哂渖矧
Shen,甚慎渗肾蜃葚胂椹
Sheng,生声胜升牲甥笙
Sheng,绳渑
Sheng,省眚
Sheng,胜圣盛乘剩嵊晟
Shi,师诗失施尸湿狮嘘虱蓍酾鲺
Shi,时十实什识食石拾蚀埘莳炻鲥
Shi,使始史驶屎矢豕
Shi,是事世市士式视似示室势试释适氏饰逝誓嗜侍峙仕恃柿轼拭噬弑谥莳贳铈螫舐筮
Shi,殖匙
Shou,收
Shou,熟
Shou,手首守艏
Shou,受授售瘦寿兽狩绶
Shu,书输殊舒叔疏抒淑梳枢蔬倏菽摅姝纾毹殳疋
Shu,熟孰赎塾秫
Shu,数属署鼠薯暑蜀黍曙
Shu,数术树述束竖恕墅漱俞戍庶澍沭丨腧
Shua,刷唰
Shua,耍
Shua,刷
Shuai,衰摔
Shuai,甩
Shuai,率帅蟀
Shuan,栓拴闩
Shuan,涮
Shuang,双霜孀泷
Shuang,爽
Shui,谁
Shui,水
Shui,说税睡
Shun,吮
Shun,顺舜瞬
Shuo,说
Shuo,数朔硕烁铄妁蒴槊搠
Si,思斯司私丝撕厮嘶鸶咝澌缌锶厶蛳
Si,死
Si,四似食寺肆伺饲嗣巳祀驷泗俟汜兕姒耜笥
Si,厕
Song,松忪淞崧嵩凇菘
Song,耸悚怂竦
Song,送宋诵颂讼
Sou,搜艘馊嗖溲飕锼螋
Sou,擞叟薮嗾瞍
Sou,嗽擞
Su,苏稣酥
Su,俗
Su,诉速素肃宿缩塑溯粟簌夙嗉谡僳愫涑蔌觫
Suan,酸狻
Suan,算蒜
Sui,虽尿荽睢眭濉
Sui,随遂隋绥
Sui,髓
Sui,岁碎遂祟隧邃穗燧谇
Sun,孙荪狲飧
Sun,损笋榫隼
Suo,缩莎梭嗦唆挲娑睃桫嗍蓑羧
Suo,所索锁琐唢
Ta,他她它踏塌遢溻铊趿T
Ta,塔鳎獭
Ta,踏拓榻嗒蹋沓挞闼漯
Tai,台胎苔
Tai,台抬苔邰薹骀炱跆鲐
Tai,呔
Tai,太态泰汰酞肽钛
Tan,摊贪滩瘫坍
Tan,谈弹坛谭潭覃痰澹檀昙锬镡郯
Tan,坦毯忐袒钽
Tan,探叹炭碳
Tang,汤趟铴镗耥羰
Tang,堂唐糖膛塘棠搪溏螳瑭樘镗螗饧醣
Tang,躺倘淌傥帑
Tang,趟烫
Tao,涛掏滔叨焘韬饕绦
Tao,逃陶桃淘萄啕洮鼗
Tao,讨
Tao,套
Te,特忑忒慝铽
Tei,忒
Teng,腾疼藤誊滕
Ti,体踢梯剔锑
Ti,提题啼蹄醍绨缇鹈荑
Ti,体
Ti,替涕剃惕屉嚏悌倜逖绨裼
Tian,天添
Tian,田填甜恬佃阗畋钿
Tian,腆舔忝殄
Tian,掭
Tiao,挑佻祧
Tiao,条调迢鲦苕髫龆蜩笤
Tiao,挑窕
Tiao,跳眺粜
Tie,贴帖萜
Tie,铁帖
Tie,帖餮
Ting,听厅汀烃
Ting,停庭亭婷廷霆蜓葶莛
Ting,挺艇町铤梃
Ting,梃
Tong,通恫嗵
Tong,同童彤铜桐瞳佟酮侗仝垌茼峒潼砼
Tong,统筒桶捅侗
Tong,同通痛恸
Tou,偷
Tou,头投骰
Tou,钭
Tou,透
Tu,突秃凸
Tu,图途徒屠涂荼菟酴
Tu,土吐钍
Tu,吐兔堍菟
Tuan,湍
Tuan,团抟
Tuan,疃
Tuan,彖
Tui,推忒
Tui,颓
Tui,腿
Tui,退褪蜕煺
Tun,吞暾
Tun,屯饨臀囤豚
Tun,氽
Tun,褪
Tuo,托脱拖乇
Tuo,陀舵驼砣驮沱跎坨鸵橐佗铊酡柁鼍
Tuo,妥椭庹
Tuo,魄拓唾柝箨
Wa,挖哇凹娲蛙洼W
Wa,娃
Wa,瓦佤
Wa,瓦袜腽
Wa,哇
Wai,歪
Wai,崴
Wai,外
Wan,湾弯蜿剜豌
Wan,完玩顽丸纨芄烷
Wan,晚碗挽婉惋宛莞娩畹皖绾琬脘菀
Wan,万腕蔓
Wang,汪尢
Wang,王忘亡芒
Wang,往网枉惘罔辋魍
Wang,望王往忘旺妄
Wei,委威微危巍萎偎薇逶煨崴葳隈
Wei,为维围唯违韦惟帷帏圩囗潍桅嵬闱沩涠
Wei,委伟唯尾玮伪炜纬萎娓苇猥痿韪洧隗诿艉鲔
Wei,为位未味卫谓遗慰魏蔚畏胃喂尉渭猬軎
Wen,温瘟
Wen,文闻纹蚊雯璺阌
Wen,稳吻紊刎
Wen,问纹汶璺
Weng,翁嗡
Weng,蓊
Weng,瓮蕹
Wo,窝涡蜗喔倭挝莴
Wo,哦
Wo,我
Wo,握卧哦渥沃斡幄肟硪龌
Wu,於恶屋污乌巫呜诬兀钨邬圬
Wu,无亡吴吾捂毋梧唔芜浯蜈鼯
Wu,五武午舞伍侮捂妩忤鹉牾迕庑怃仵
Wu,物务误恶悟乌雾勿坞戊兀晤鹜痦寤骛芴杌焐阢婺鋈
Xi,西息希吸惜稀悉析夕牺腊昔熙兮溪嘻锡晰樨熄膝栖郗犀曦奚羲唏蹊淅皙汐嬉茜熹烯翕蟋歙浠僖穸蜥螅菥舾矽粞硒醯欷鼷X
Xi,席习袭媳檄隰觋
Xi,喜洗禧徙玺屣葸蓰铣
Xi,系细戏隙饩阋禊舄
Xia,瞎虾呷
Xia,峡侠狭霞暇辖遐匣黠瑕狎硖瘕柙
Xia,下夏吓厦唬罅
Xian,先鲜仙掀纤暹莶锨氙祆籼酰跹
Xian,闲贤嫌咸弦娴衔涎舷鹇痫
Xian,显险鲜洗跣猃藓铣燹蚬筅冼
Xian,现见线限县献宪陷羡馅腺岘苋霰
Xiang,相香乡箱厢湘镶襄骧葙芗缃
Xiang,降详祥翔庠
Xiang,想响享飨饷鲞
Xiang,相向象像项巷橡蟓
Xiao,消销潇肖萧宵削嚣逍硝霄哮枭骁箫枵哓蛸绡魈
Xiao,淆崤
Xiao,小晓筱
Xiao,笑校效肖孝啸
Xie,些歇楔蝎
Xie,叶协鞋携斜胁谐邪挟偕撷勰颉缬
Xie,写血
Xie,写解谢泄契械屑卸懈泻亵蟹邂榭瀣薤燮躞廨绁渫榍獬
Xin,心新欣辛薪馨鑫芯昕忻歆锌
Xin,寻镡
Xin,信芯衅囟
Xing,兴星腥惺猩
Xing,形型刑邢陉荥饧硎
Xing,行形型刑邢陉荥饧硎
Xing,省醒擤
Xing,性兴姓幸杏悻荇
Xiong,兄胸凶匈汹芎
Xiong,雄熊
Xiu,修休羞咻馐庥鸺貅髹
Xiu,宿朽
Xiu,秀袖宿臭绣锈嗅岫溴
Xu,需须虚吁嘘墟戌胥砉圩盱顼
Xu,徐
Xu,许浒栩诩糈醑
Xu,续序绪蓄叙畜恤絮旭婿酗煦洫溆勖
Xu,蓿
Xuan,宣喧轩萱暄谖揎儇煊
Xuan,旋悬玄漩璇痃
Xuan,选癣
Xuan,旋炫渲绚眩铉泫碹楦镟
Xue,削靴薛
Xue,学穴噱踅泶
Xue,雪鳕
Xue,血谑
Xun,熏勋荤醺薰埙曛窨獯
Xun,寻询巡循旬驯荀峋洵恂郇浔鲟
Xun,训迅讯逊熏殉巽徇汛蕈浚
Ya,压雅呀押鸦哑鸭丫垭桠Y
Ya,牙涯崖芽衙睚伢岈琊蚜
Ya,雅瞧匹痖疋
Ya,亚压讶轧娅迓揠氩砑
Ya,呀
Yan,烟燕咽殷焉淹阉腌嫣胭湮阏鄢菸崦恹
Yan,言严研延沿颜炎阎盐岩铅蜒檐妍筵芫闫阽
Yan,眼演掩衍奄俨偃魇鼹兖郾琰罨厣剡鼽
Yan,研验沿厌燕宴咽雁焰艳谚彦焱晏唁砚堰赝餍滟酽谳
Yang,央泱秧鸯殃鞅
Yang,洋阳杨扬羊疡佯烊徉炀蛘
Yang,养仰痒氧
Yang,样漾恙烊怏鞅
Yao,要约邀腰夭妖吆幺
Yao,摇遥姚陶尧谣瑶窑肴侥铫珧轺爻徭繇鳐
Yao,咬杳窈舀崾
Yao,要药耀钥鹞曜疟
Ye,耶噎椰掖
Ye,爷耶邪揶铘
Ye,也野冶
Ye,业夜叶页液咽哗曳拽烨掖腋谒邺靥晔
Yi,一医衣依椅伊漪咿揖噫猗壹铱欹黟
Yi,移疑遗宜仪蛇姨夷怡颐彝咦贻迤痍胰沂饴圯荑诒眙嶷
Yi,以已衣尾椅矣乙蚁倚迤蛾旖苡钇舣酏
Yi,意义议易衣艺译异益亦亿忆谊抑翼役艾溢毅裔逸轶弈翌疫绎佚奕熠诣弋驿懿呓屹薏噫镒缢邑臆刈羿仡峄怿悒肄佾殪挹埸劓镱瘗癔翊蜴嗌翳
Yin,因音烟阴姻殷茵荫喑湮氤堙洇铟
Yin,银吟寅淫垠鄞霪狺夤圻龈
Yin,引隐饮瘾殷尹蚓吲
Yin,印饮荫胤茚窨
Ying,应英鹰婴樱膺莺罂鹦缨瑛璎撄嘤
Ying,营迎赢盈蝇莹荧萤萦瀛楹嬴茔滢潆荥蓥
Ying,影颖颍瘿郢
Ying,应硬映媵
Yo,育哟唷
Yo,哟
Yong,拥庸佣雍臃邕镛墉慵痈壅鳙饔
Yong,喁
Yong,永勇涌踊泳咏俑恿甬蛹
Yong,用佣
You,优幽忧悠攸呦
You,由游油邮尤犹柚鱿莸尢铀猷疣蚰蝣蝤繇莜
You,有友黝酉莠牖铕卣
You,有又右幼诱佑柚囿鼬宥侑蚴釉
Yu,於吁迂淤纡瘀
Yu,于与余予鱼愚舆娱愉馀逾渔渝俞萸瑜隅揄榆虞禺谀腴竽妤臾欤觎盂窬蝓嵛狳舁雩
Yu,与语雨予宇羽禹圄屿龉伛圉庾瘐窳俣
Yu,与语育遇狱雨欲预玉愈谷域誉吁蔚寓豫粥郁喻裕浴御驭尉谕毓妪峪芋昱煜熨燠菀蓣饫阈鬻聿钰鹆鹬蜮
Yuan,冤渊鸳眢鸢箢
Yuan,员元原园源圆缘援袁猿垣辕沅媛芫橼圜塬爰螈鼋
Yuan,远
Yuan,院愿怨苑媛掾垸瑗
Yue,约曰
Yue,说月乐越阅跃悦岳粤钥刖瀹栎樾龠钺
Yun,晕氲
Yun,员云匀筠芸耘纭昀郧
Yun,允陨殒狁
Yun,员运均韵晕孕蕴酝愠熨郓韫恽
Za,扎咂匝拶Z
Za,杂咱砸
Za,咋
Zai,灾哉栽甾
Zai,载仔宰崽
Zai,在再载
Zan,簪糌
Zan,咱
Zan,攒拶昝趱
Zan,赞暂瓒錾
Zan,咱
Zang,赃臧锗
Zang,驵
Zang,藏脏葬奘
Zao,遭糟
Zao,凿
Zao,早澡枣蚤藻缲
Zao,造灶躁噪皂燥唣
Ze,则责泽择咋啧迮帻赜笮箦舴
Ze,侧仄昃
Zei,贼
Zen,怎
Zen,谮
Zeng,曾增憎缯罾
Zeng,赠综缯甑锃
Zha,查扎咋渣喳揸楂哳吒齄
Zha,炸扎札喋轧闸铡
Zha,眨砟
Zha,炸咋诈乍蜡栅榨柞吒咤痄蚱
Zhai,摘侧斋
Zhai,择宅翟
Zhai,窄
Zhai,债祭寨砦瘵
Zhan,占沾粘瞻詹毡谵旃
Zhan,展斩辗盏崭搌
Zhan,战站占颤绽湛蘸栈
Zhang,张章彰璋蟑樟漳嫜鄣獐
Zhang,长掌涨仉
Zhang,丈涨帐障账胀仗杖瘴嶂幛
Zhao,着招朝嘲昭钊啁
Zhao,着
Zhao,找爪沼
Zhao,照赵召罩兆肇诏棹笊
Zhe,折遮蜇
Zhe,折哲辙辄谪蛰摺磔蜇
Zhe,者褶锗赭
Zhe,这浙蔗鹧柘
Zhe,着
Zhei,这
Zhen,真针珍斟贞侦甄臻箴砧桢溱蓁椹榛胗祯浈
Zhen,诊枕疹缜畛轸稹
Zhen,阵镇震圳振赈朕鸩
Zheng,正争征丁挣症睁徵蒸怔筝铮峥狰钲鲭
Zheng,整拯
Zheng,政正证挣郑症怔铮诤帧
Zhi,之只知指支织氏枝汁掷芝吱肢脂蜘栀卮胝祗
Zhi,直指职值执植殖侄踯摭絷跖埴
Zhi,只指纸止址旨徵趾咫芷枳祉轵黹酯
Zhi,知至制识治志致质智置秩滞帜稚挚掷峙窒炙痔栉桎帙轾贽痣豸陟忮彘膣雉鸷骘蛭踬郅觯
Zhong,中终钟忠衷锺盅忪螽舯
Zhong,种肿踵冢
Zhong,中种重众仲
Zhou,周州洲粥舟诌啁
Zhou,轴妯碡
Zhou,肘帚
Zhou,皱骤轴宙咒昼胄纣绉荮籀繇酎
Zhu,诸朱珠猪株蛛洙诛铢茱邾潴槠橥侏
Zhu,术逐筑竹烛躅竺舳瘃
Zhu,主属煮嘱瞩拄褚渚麈
Zhu,住注助著驻祝筑柱铸伫贮箸炷蛀杼翥苎疰
Zhua,抓挝
Zhua,爪
Zhuai,拽
Zhuai,转
Zhuai,曳拽嘬
Zhuan,专砖颛
Zhuan,转
Zhuan,传转赚撰沌篆啭馔
Zhuang,装庄妆桩
Zhuang,奘
Zhuang,状壮撞幢僮戆
Zhui,追锥隹椎骓
Zhui,坠缀赘惴缒
Zhun,屯谆肫窀
Zhun,准
Zhuo,桌捉卓拙涿焯倬
Zhuo,着著琢缴灼酌浊濯茁啄斫镯诼禚擢浞
Zi,资咨滋仔姿吱兹孜谘呲龇锱辎淄髭赀孳粢趑觜訾缁鲻嵫
Zi,子紫仔梓姊籽滓秭笫耔茈訾
Zi,自字渍恣眦
Zong,宗踪综棕鬃枞腙
Zong,总偬
Zong,纵粽
Zou,邹诹陬鄹驺鲰
Zou,走
Zou,奏揍
Zu,租菹
Zu,足族卒镞
Zu,组祖阻诅俎
Zuan,钻躜
Zuan,纂缵
Zuan,赚钻攥
Zui,堆
Zui,嘴咀觜
Zui,最罪醉蕞
Zun,尊遵樽鳟
Zun,撙
Zuo,作嘬
Zuo,作昨琢笮
Zuo,左佐撮
Zuo,作做坐座凿柞怍胙阼唑祚酢