,characters,py
0,°¢,A
1,°¡,A
2,ºÇ,A
3,ëç,A
4,ß¹,A
5,ï¹,A
6,A,A
9,àÄ,A
17,°§,A
18,°¤,A
19,°£,A
20,°¦,A
21,°¥,A
22,Þß,A
23,ïÍ,A
24,´ô,A
26,°©,A
27,°¨,A
29,°«,A
31,°ª,A
32,ö°,A
33,àÈ,A
34,°®,A
35,°­,A
36,°¬,A
39,°¯,A
40,êÓ,A
42,è¨,A
43,àÉ,A
44,æÈ,A
45,íÁ,A
46,°²,A
47,ÚÏ,A
48,°°,A
49,°±,A
50,âÖ,A
51,èñ,A
52,ðÆ,A
53,¹ã,A
54,³§,A
55,°³,A
56,ï§,A
57,Þî,A
58,Ûû,A
59,°¸,A
60,°´,A
61,°µ,A
62,°¶,A
63,÷ö,A
64,°·,A
65,áí,A
66,°¹,A
67,°º,A
68,°»,A
69,°¾,A
70,°¼,A
72,°½,A
73,Ïù,A
74,à»,A
75,÷é,A
76,÷¡,A
77,°¿,A
78,éá,A
79,ñú,A
80,òü,A
81,âÚ,A
82,åÛ,A
83,°À,A
84,ÞÖ,A
85,æÁ,A
86,°Â,A
87,°Ä,A
88,°Á,A
89,°Ã,A
90,Ûê,A
92,æñ,A
93,á®,A
94,öË,A
95,°Ë,B
96,°É,B
97,°Í,B
98,°È,B
99,°Å,B
100,°Ç,B
101,°Ì,B
102,°Ê,B
103,ôÎ,B
104,á±,B
105,°Æ,B
106,B,B
108,°Î,B
109,°Ï,B
110,ÜØ,B
111,ÝÃ,B
112,÷É,B
113,°Ñ,B
114,°Ð,B
115,îÙ,B
117,°Ö,B
118,°Õ,B
119,°Ô,B
120,°Ó,B
121,°Ò,B
122,å±,B
123,öÑ,B
126,êþ,B
127,°×,B
128,°Ù,B
129,°Ú,B
130,²®,B
131,°Ø,B
132,°Û,B
133,Þã,B
134,°Ü,B
135,°Ý,B
136,ßÂ,B
137,°Þ,B
138,°ã,B
139,°à,B
140,°á,B
141,°ß,B
142,°ä,B
143,°â,B
144,ñ£,B
145,ñ­,B
146,°æ,B
147,°å,B
148,Úæ,B
149,Ûà,B
150,îÓ,B
151,ô²,B
152,°ì,B
153,°ë,B
154,°é,B
155,°ç,B
156,°ê,B
157,°è,B
158,°í,B
159,°ï,B
160,°î,B
161,äº,B
162,°ð,B
163,°ò,B
164,°ñ,B
165,°ó,B
166,°ô,B
168,°ø,B
169,°õ,B
170,°ù,B
171,°÷,B
172,°ö,B
173,Ýò,B
174,°ü,B
175,°û,B
176,ÅÚ,B
177,°þ,B
178,°ý,B
179,°ú,B
180,æß,B
181,ìÒ,B
182,öµ,B
183,±¡,B
184,±¢,B
185,±£,B
186,±¦,B
187,±¥,B
188,±¤,B
189,Ýá,B
190,ñÙ,B
191,ð±,B
192,±¨,B
193,±©,B
194,±§,B
195,±¬,B
196,±«,B
197,ÆØ,B
198,ÅÙ,B
199,ÆÙ,B
200,±ª,B
201,õÀ,B
202,±³,B
203,±¯,B
204,±­,B
205,±®,B
206,±°,B
207,Úé,B
208,Ûý,B
209,ÝÉ,B
210,ðÇ,B
211,±±,B
212,±»,B
213,±¸,B
215,±²,B
216,±¶,B
217,±´,B
218,Ýí,B
219,±¹,B
220,ã£,B
221,±·,B
222,±º,B
223,Úý,B
224,±µ,B
225,ØÃ,B
226,íÕ,B
227,ñØ,B
228,öÍ,B
229,÷¹,B
230,±Û,B
232,±¼,B
233,êÚ,B
234,ï¼,B
235,±¾,B
236,±½,B
237,ÛÎ,B
239,±¿,B
240,º»,B
241,ÛÐ,B
242,±À,B
243,±Á,B
244,àÔ,B
245,±Â,B
248,±Ä,B
249,±Å,B
250,ê´,B
251,±Ã,B
253,±Æ,B
254,±Ç,B
255,Ý©,B
256,±È,B
257,±Ê,B
258,±Ë,B
259,±É,B
260,Ø°,B
261,ÙÂ,B
262,åþ,B
263,ßÁ,B
264,ïõ,B
265,ô°,B
266,±Ø,B
267,±Ï,B
268,±Ò,B
269,ÃØ,B
270,±Ü,B
271,±Õ,B
272,±Ú,B
274,±×,B
275,±Ù,B
276,±Ì,B
277,·÷,B
278,±Ð,B
279,±Î,B
280,±Ó,B
281,èµ,B
282,±Ö,B
283,ÃÚ,B
284,±Ý,B
285,åö,B
286,ó÷,B
287,æ¾,B
288,ã¹,B
289,±Ô,B
290,îé,B
291,ñÔ,B
292,å¨,B
293,÷Â,B
294,âØ,B
295,±Ñ,B
296,ää,B
297,±Í,B
299,ÜÅ,B
300,æÔ,B
301,Üê,B
303,î¯,B
305,Þµ,B
306,óÙ,B
307,óë,B
308,ßÙ,B
309,ôÅ,B
310,õÏ,B
311,áù,B
312,±à,B
313,±ß,B
314,±Þ,B
315,í¾,B
316,ìÔ,B
317,òù,B
318,óÖ,B
319,öý,B
320,±á,B
321,±â,B
322,ØÒ,B
323,íÜ,B
324,ñ¹,B
325,ñÛ,B
326,±ã,B
327,±ä,B
328,±é,B
329,±ç,B
330,±æ,B
331,±è,B
332,±å,B
333,ÜÐ,B
334,ãê,B
335,âí,B
336,ÛÍ,B
337,çÂ,B
339,±ê,B
340,±ë,B
341,É×,B
342,ïÚ,B
343,±ì,B
344,æô,B
345,ïð,B
346,è¼,B
347,ì®,B
348,ì©,B
349,ì­,B
350,ñ¦,B
351,÷Ô,B
352,±í,B
353,ñÑ,B
354,æ»,B
355,÷§,B
356,±ï,B
357,±ñ,B
358,±î,B
359,±ð,B
360,õ¿,B
363,±ö,B
364,±õ,B
365,±ò,B
366,±ó,B
367,çÍ,B
368,±ô,B
369,éÄ,B
370,ÙÏ,B
371,çã,B
372,áÙ,B
373,ïÙ,B
374,÷Þ,B
375,éë,B
376,±÷,B
377,ë÷,B
378,÷Æ,B
379,²¢,B
380,±ø,B
381,±ù,B
383,±ý,B
384,ÆÁ,B
385,±û,B
386,±ú,B
387,±ü,B
388,±þ,B
389,Ù÷,B
390,Úû,B
392,²¡,B
393,Þð,B
395,²¨,B
396,²¥,B
397,²¦,B
399,²£,B
400,âÄ,B
401,²¤,B
402,²§,B
405,²©,B
407,²ª,B
409,²´,B
411,²µ,B
412,ÆÇ,B
413,²±,B
414,²«,B
415,²²,B
416,²°,B
417,íç,B
418,²¯,B
419,²¬,B
420,²­,B
421,²³,B
422,îà,B
424,Ùñ,B
425,ð¾,B
426,õÛ,B
427,ô¤,B
428,õË,B
433,ë¢,B
434,éÞ,B
435,²·,B
436,à£,B
437,åÍ,B
438,êÎ,B
439,îß,B
440,²»,B
441,õ³,B
442,²¹,B
443,²¶,B
446,²¸,B
447,ß²,B
449,²¿,B
450,²¼,B
451,²½,B
452,²À,B
453,²¾,B
454,ÆÒ,B
455,²º,B
456,ê³,B
457,îÐ,B
458,²Á,C
459,²ð,C
460,àê,C
461,C,C
462,íå,C
463,²Â,C
464,²Å,C
465,²Æ,C
466,²Ä,C
467,²Ã,C
468,²É,C
469,²Ê,C
470,²È,C
471,²Ç,C
473,²Ë,C
474,²Ì,C
475,²Î,C
476,²Í,C
477,æî,C
478,²Ð,C
479,²Ñ,C
480,²Ï,C
481,²Ò,C
482,÷õ,C
484,²Ó,C
485,²ô,C
486,è²,C
487,åî,C
488,ôÓ,C
489,²Ô,C
490,²Ö,C
491,²×,C
492,²Õ,C
493,Ø÷,C
494,²Ø,C
495,²Ù,C
496,²Ú,C
497,²Ü,C
498,²Û,C
499,àÐ,C
500,äî,C
501,ó©,C
502,ô½,C
503,²Ý,C
504,²ß,C
505,²â,C
506,²à,C
507,²Þ,C
508,²á,C
509,âü,C
511,á¯,C
512,ä¹,C
513,àá,C
514,Ôø,C
515,²ã,C
516,²ä,C
517,²î,C
518,²å,C
519,²æ,C
520,²ê,C
521,Ôû,C
523,è¾,C
524,âÇ,C
525,ïÊ,C
526,²é,C
527,²ì,C
528,²è,C
530,²ç,C
532,é«,C
533,âª,C
534,²ë,C
535,é¶,C
536,éß,C
538,ñÃ,C
539,ïï,C
541,É²,C
543,²ï,C
544,²í,C
547,ãâ,C
548,æ±,C
551,îÎ,C
552,²ñ,C
553,²ò,C
554,Ù­,C
555,ò²,C
556,ðû,C
557,²ó,C
559,êè,C
560,µ¥,C
561,²ø,C
562,ìø,C
563,²õ,C
564,²ö,C
565,äý,C
566,ó¸,C
567,æ¿,C
568,²÷,C
569,âÜ,C
571,ïâ,C
572,å¤,C
573,õð,C
574,²ú,C
575,²ù,C
576,²û,C
577,ÚÆ,C
578,Ùæ,C
579,ÝÛ,C
580,æö,C
581,²ü,C
582,âã,C
583,åñ,C
584,²ý,C
585,æ½,C
586,²þ,C
587,Øö,C
588,ãÑ,C
589,ÝÅ,C
590,öð,C
591,³¤,C
592,³¡,C
593,³£,C
594,³¢,C
595,³¦,C
596,³¥,C
597,ÌÈ,C
598,ÉÑ,C
599,æÏ,C
600,áä,C
601,ÜÉ,C
603,³§,C
604,³¨,C
605,ë©,C
606,êÆ,C
607,ã®,C
608,³ª,C
609,³©,C
610,³«,C
611,âê,C
612,ÛË,C
613,³¬,C
614,³­,C
615,³³,C
616,³®,C
617,´Â,C
618,½Ë,C
619,ìÌ,C
620,â÷,C
621,³¯,C
622,³±,C
623,³°,C
624,³²,C
625,êË,C
626,³´,C
628,ñé,C
629,³µ,C
630,íº,C
631,³ß,C
632,³¶,C
633,³¹,C
634,³·,C
635,³º,C
636,³¸,C
637,Ûå,C
638,³»,C
639,è¡,C
640,àÁ,C
641,ÞÓ,C
642,³Â,C
643,³Á,C
644,³¿,C
645,Éò,C
646,³¾,C
647,³¼,C
648,³½,C
649,³È,C
650,³À,C
651,ÚÈ,C
652,å·,C
653,í×,C
654,³Æ,C
655,³Ã,C
656,³Ä,C
657,³Ó,C
658,Úß,C
659,é´,C
660,ö³,C
663,³Å,C
665,îª,C
667,îõ,C
668,èß,C
669,òÉ,C
670,³É,C
671,³Ç,C
672,³Ì,C
673,³Ð,C
674,³Ï,C
675,Ê¢,C
676,³Ë,C
677,³Ê,C
678,³Í,C
679,³Î,C
681,Ø©,C
682,Ûô,C
683,èÇ,C
684,ëó,C
685,îñ,C
686,ñÎ,C
687,õ¨,C
688,³Ñ,C
689,³Ò,C
693,³Ô,C
694,³Õ,C
695,ßê,C
696,àÍ,C
697,ò¿,C
698,ó×,C
699,ð·,C
700,æÊ,C
701,ó¤,C
702,í÷,C
703,÷Î,C
704,³Ö,C
705,³Ù,C
706,³Ø,C
707,³Û,C
708,³×,C
709,³Ú,C
710,õØ,C
711,Ü¯,C
712,ÜÝ,C
713,óø,C
714,Ûæ,C
716,³Ý,C
717,³Ü,C
718,³Þ,C
719,ñÝ,C
720,ôù,C
721,³à,C
722,³â,C
723,³á,C
724,à´,C
725,³ã,C
726,ë·,C
727,ß³,C
728,âÁ,C
729,ÙÑ,C
730,áÜ,C
731,ñ¡,C
732,³å,C
733,³ä,C
734,Ó¿,C
735,ã¿,C
736,âç,C
737,ô¾,C
738,ô©,C
739,Üû,C
740,ÖÖ,C
741,ÖØ,C
742,³ç,C
743,³æ,C
744,³è,C
746,ï¥,C
747,³é,C
748,ñ¬,C
749,³î,C
750,³ð,C
751,³ï,C
752,³ê,C
753,³ñ,C
754,³ì,C
755,ã°,C
756,³ë,C
757,³í,C
758,àü,C
759,Ù±,C
760,öÅ,C
761,³ó,C
762,³ò,C
763,³ô,C
764,³ö,C
765,³õ,C
766,éË,C
767,³ý,C
768,³ø,C
769,³ù,C
770,³÷,C
771,³û,C
772,³ú,C
773,òÜ,C
774,Û»,C
775,³ü,C
776,õé,C
777,´¦,C
778,³þ,C
779,´¢,C
780,´¡,C
781,èÆ,C
782,ñÒ,C
783,èú,C
785,´¥,C
786,Ðó,C
787,´£,C
788,âð,C
789,´¤,C
790,ç©,C
791,÷í,C
792,Ø¡,C
793,ãÀ,C
794,´§,C
795,Þõ,C
798,à¨,C
799,õß,C
800,àÜ,C
801,ëú,C
802,´©,C
803,´¨,C
804,çÝ,C
805,ë°,C
806,´«,C
807,´¬,C
808,å×,C
809,´ª,C
810,ô­,C
811,´­,C
812,â¶,C
813,´®,C
814,îË,C
815,´´,C
816,´°,C
817,´¯,C
818,´²,C
819,´±,C
820,´³,C
822,âë,C
823,´µ,C
824,´¶,C
825,´¹,C
826,´¸,C
827,´·,C
828,Úï,C
829,×µ,C
830,é³,C
831,é¢,C
832,´º,C
833,´»,C
834,òí,C
835,´¿,C
836,´½,C
837,´¼,C
838,´¾,C
839,ðÈ,C
840,Ý»,C
841,´À,C
842,´Á,C
843,õÖ,C
846,ê¡,C
847,öº,C
849,´Ì,C
850,´Ã,C
851,ßÚ,C
852,´Ê,C
853,´Ç,C
854,´È,C
855,´Å,C
856,´É,C
857,×È,C
858,´Ä,C
859,´Æ,C
860,ìô,C
861,Üë,C
862,ðË,C
863,ôÙ,C
864,´Ë,C
865,´Î,C
867,´Í,C
868,ËÅ,C
869,´Ó,C
870,´Ò,C
871,´Ï,C
872,´Ð,C
873,´Ñ,C
874,ÜÊ,C
875,æõ,C
876,è®,C
877,èÈ,C
879,´Ô,C
880,çý,C
881,äÈ,C
882,´Õ,C
883,é¨,C
884,ê£,C
885,ëí,C
886,´Ö,C
887,áÞ,C
888,éã,C
889,´Ù,C
890,´Ø,C
891,´×,C
892,×ä,C
893,â§,C
894,õí,C
895,õ¾,C
896,Ýý,C
897,õ¡,C
898,´Ú,C
899,ß¥,C
900,Ùà,C
901,ïé,C
902,ÔÜ,C
903,´Ü,C
904,´Û,C
905,ìà,C
906,Ë¥,C
907,´ß,C
908,´Ý,C
909,´Þ,C
910,ö¿,C
911,éÁ,C
912,è­,C
913,´à,C
914,´â,C
915,ÝÍ,C
916,´ä,C
917,´á,C
918,ã²,C
919,´ã,C
920,ë¥,C
921,ßý,C
922,´å,C
923,ñå,C
924,´æ,C
925,¶×,C
926,ââ,C
927,´ç,C
928,´ê,C
929,´é,C
930,´è,C
931,õã,C
932,áÏ,C
933,ïó,C
934,ðî,C
936,õº,C
938,ëâ,C
939,´í,C
940,´ë,C
941,´ì,C
942,ØÈ,C
943,ï±,C
944,´ð,D
945,´î,D
946,àª,D
947,ÞÇ,D
948,ñ×,D
949,ßÕ,D
950,D,D
951,´ò,D
952,´ï,D
954,´ñ,D
955,í³,D
956,÷²,D
957,âò,D
958,óÎ,D
959,÷°,D
960,æ§,D
962,´ó,D
963,Ëþ,D
964,ðã,D
965,´ý,D
966,´ô,D
967,ß¾,D
968,´þ,D
969,´õ,D
970,´ö,D
972,´ú,D
973,´ø,D
975,´÷,D
976,´ü,D
977,´û,D
979,´ù,D
980,÷ì,D
981,µ¡,D
982,çé,D
983,á·,D
984,åÊ,D
985,ææ,D
986,çª,D
987,Ü¤,D
988,ß°,D
989,µ¥,D
990,µ£,D
991,µ¤,D
992,µ¢,D
993,íñ,D
994,éé,D
995,óì,D
996,ÙÙ,D
997,ð÷,D
998,ñõ,D
999,µ¦,D
1001,µ¨,D
1002,µ§,D
1003,êæ,D
1006,µ«,D
1008,Ê¯,D
1009,µ¯,D
1010,µ­,D
1011,µ©,D
1012,µ°,D
1013,µ®,D
1014,µ¬,D
1015,à¢,D
1016,å£,D
1017,µª,D
1018,ÝÌ,D
1020,µ±,D
1021,ñÉ,D
1022,îõ,D
1023,µ³,D
1024,µ²,D
1025,ÚÔ,D
1027,µ´,D
1028,µµ,D
1030,å´,D
1031,ÝÐ,D
1032,ÛÊ,D
1033,í¸,D
1034,µ¶,D
1035,ß¶,D
1036,âá,D
1037,ë®,D
1039,µ¼,D
1040,µ¹,D
1041,µº,D
1042,µ¸,D
1043,µ·,D
1044,µ»,D
1045,µ½,D
1046,µÀ,D
1048,µ¿,D
1049,µÁ,D
1050,µ¾,D
1051,ìâ,D
1052,àü,D
1053,ôî,D
1054,µÃ,D
1055,µÂ,D
1056,ï½,D
1057,µÄ,D
1058,µØ,D
1060,µ×,D
1062,µÇ,D
1063,µÆ,D
1064,µÅ,D
1065,àâ,D
1066,ô£,D
1067,µÈ,D
1068,ê­,D
1069,µË,D
1070,µÊ,D
1071,µÉ,D
1072,³Î,D
1074,íã,D
1075,ïë,D
1076,áØ,D
1077,Ìá,D
1078,µÍ,D
1079,µÎ,D
1080,µÌ,D
1081,àÖ,D
1082,Øµ,D
1083,ïá,D
1084,ôÆ,D
1086,µÐ,D
1087,µÏ,D
1088,µÑ,D
1089,µÓ,D
1091,µÒ,D
1092,µÕ,D
1093,µÔ,D
1094,Ý¶,D
1095,Ùá,D
1096,êë,D
1099,µÖ,D
1100,Ú®,D
1101,Û¡,D
1102,íÆ,D
1103,Ûæ,D
1104,èÜ,D
1106,÷¾,D
1109,µÚ,D
1110,µÛ,D
1111,µÜ,D
1112,µÝ,D
1113,µÙ,D
1114,µÞ,D
1115,ÚÐ,D
1116,íû,D
1117,é¦,D
1118,æ·,D
1119,íÚ,D
1120,ç°,D
1121,àÇ,D
1122,µß,D
1123,µá,D
1124,µà,D
1125,ñ²,D
1126,áÛ,D
1127,µã,D
1128,µä,D
1129,µâ,D
1130,õÚ,D
1131,Ø¼,D
1132,µç,D
1133,µê,D
1134,µé,D
1135,µí,D
1136,µæ,D
1137,µî,D
1138,µì,D
1139,µë,D
1140,µè,D
1141,çè,D
1142,ô¡,D
1143,Ûã,D
1144,µå,D
1145,îä,D
1146,ñ°,D
1147,Úç,D
1148,µñ,D
1149,µó,D
1150,µò,D
1151,µð,D
1152,õõ,D
1153,µï,D
1154,öô,D
1155,Äñ,D
1156,µ÷,D
1157,µô,D
1158,µõ,D
1159,µö,D
1160,ï¢,D
1161,îö,D
1162,µù,D
1163,µø,D
1165,µþ,D
1166,µü,D
1167,µú,D
1168,µý,D
1169,µû,D
1170,à©,D
1171,Øý,D
1172,ëº,D
1173,ñó,D
1174,õÞ,D
1175,Ü¦,D
1176,ð¬,D
1177,Þé,D
1178,Ûì,D
1179,öø,D
1180,¶¡,D
1181,¶¢,D
1182,¶¤,D
1183,¶£,D
1184,î®,D
1185,ôú,D
1186,ðÛ,D
1187,Øê,D
1188,ñô,D
1189,çà,D
1190,¶¥,D
1191,¶¦,D
1193,¶¨,D
1194,¶©,D
1196,îú,D
1197,ëë,D
1198,¶§,D
1199,íÖ,D
1200,à¤,D
1201,¶ª,D
1202,îû,D
1203,¶«,D
1204,¶¬,D
1205,ßË,D
1206,á´,D
1207,ë±,D
1208,ð´,D
1209,¶®,D
1210,¶­,D
1211,íÏ,D
1212,¶¯,D
1213,¶´,D
1214,¶³,D
1215,¶°,D
1216,¶²,D
1217,¶±,D
1218,Ûí,D
1219,á¼,D
1220,ëË,D
1221,ëØ,D
1223,¶¼,D
1224,¶µ,D
1225,Ýú,D
1226,óû,D
1227,¶·,D
1228,¶¶,D
1229,¶¸,D
1230,ò½,D
1231,¶Á,D
1233,¶¹,D
1234,¶º,D
1235,ñ¼,D
1236,¶»,D
1238,¶½,D
1239,à½,D
1241,¶À,D
1242,¶Ù,D
1243,¶¾,D
1244,äÂ,D
1245,ë¹,D
1246,¶¿,D
1247,÷ò,D
1248,÷Ç,D
1249,èü,D
1250,¶Ç,D
1251,¶Ã,D
1252,¶Â,D
1253,¶Ä,D
1254,óÆ,D
1255,¶È,D
1256,¶É,D
1258,¶Å,D
1259,¶Ê,D
1260,¶Æ,D
1261,Ü¶,D
1262,ó¼,D
1263,¶Ë,D
1264,¶Ì,D
1265,¶Ï,D
1266,¶Î,D
1267,¶Í,D
1268,¶Ð,D
1269,ìÑ,D
1270,é²,D
1271,óý,D
1272,¶Ñ,D
1273,¶Ô,D
1274,¶Ó,D
1275,¶Ò,D
1276,¶Ø,D
1277,íÔ,D
1278,í­,D
1279,í¡,D
1280,ïæ,D
1281,¶Ö,D
1283,¶×,D
1284,¶Õ,D
1285,íâ,D
1287,íï,D
1288,õ»,D
1290,¶Ü,D
1291,¶Û,D
1292,ìÀ,D
1293,¶Ý,D
1294,ãç,D
1295,¶Ú,D
1296,í»,D
1297,¶à,D
1298,ßÍ,D
1299,¶ß,D
1300,¶Þ,D
1301,ñÖ,D
1303,¶á,D
1304,õâ,D
1305,îì,D
1306,¶ä,D
1307,¶ã,D
1308,¶â,D
1309,ßá,D
1310,ç¶,D
1311,¶æ,D
1312,¶é,D
1313,¶å,D
1314,¶ç,D
1315,¶è,D
1317,ÍÔ,D
1318,ãõ,D
1319,èÞ,D
1320,°¢,E
1321,æ¹,E
1322,åí,E
1323,E,E
1324,¶î,E
1325,¶í,E
1326,Å¶,E
1327,¶ì,E
1328,¶ð,E
1329,¶ë,E
1330,¶ê,E
1331,¶ï,E
1332,Ý­,E
1333,ï°,E
1334,¶ñ,E
1336,¶ö,E
1337,¶ó,E
1338,ãµ,E
1339,¶ô,E
1340,Ø¬,E
1341,ßÀ,E
1342,¶ò,E
1343,¶õ,E
1344,éî,E
1345,ò¦,E
1346,öù,E
1347,ÚÌ,E
1348,ïÉ,E
1349,Ýà,E
1350,ëñ,E
1351,ÛÑ,E
1352,ðÊ,E
1353,ÜÃ,E
1354,ãÕ,E
1356,ÚÀ,E
1359,¶÷,E
1360,Ýì,E
1361,Þô,E
1362,¶ø,E
1363,¶ù,E
1364,ð¹,E
1365,öÜ,E
1366,¶û,E
1367,¶ú,E
1368,åÇ,E
1369,¶ü,E
1370,¶ý,E
1371,çí,E
1372,îï,E
1373,¶þ,E
1374,·¡,E
1375,Ù¦,E
1376,·¢,F
1377,F,F
1378,·£,F
1379,·¦,F
1380,·¥,F
1381,·§,F
1382,·¤,F
1383,ÛÒ,F
1384,·¨,F
1385,íÀ,F
1387,·©,F
1388,·­,F
1389,·¬,F
1390,·«,F
1391,·ª,F
1392,á¦,F
1393,Þ¬,F
1394,·²,F
1395,·³,F
1396,·±,F
1397,·º,F
1398,·®,F
1400,ìÜ,F
1401,·¯,F
1402,ÞÀ,F
1403,·°,F
1404,õì,F
1405,·´,F
1406,·µ,F
1407,·¹,F
1408,·¸,F
1409,·¶,F
1410,··,F
1412,èó,F
1413,î²,F
1414,·½,F
1415,·¼,F
1416,·Á,F
1417,·»,F
1418,Úú,F
1419,èÊ,F
1420,îÕ,F
1421,·¿,F
1422,·À,F
1425,·¾,F
1426,öÐ,F
1427,·Ã,F
1428,·Â,F
1429,·Ä,F
1430,áÝ,F
1431,ô³,F
1432,·Å,F
1433,·Ç,F
1434,·É,F
1435,·È,F
1436,·Æ,F
1437,ìé,F
1438,ö­,F
1439,åú,F
1440,ç³,F
1441,òã,F
1442,öî,F
1443,·Ê,F
1444,ëè,F
1445,äÇ,F
1447,·Ë,F
1448,·Ì,F
1449,ì³,F
1451,ôä,F
1452,ã­,F
1453,óõ,F
1454,é¼,F
1455,·Ñ,F
1456,·Ï,F
1457,·Ð,F
1458,·Î,F
1459,·Í,F
1460,ðò,F
1461,áô,F
1462,ïÐ,F
1463,ÜÀ,F
1464,·Ö,F
1465,·×,F
1466,·Õ,F
1467,·Ò,F
1468,·Ô,F
1469,·Ó,F
1470,çã,F
1471,·Ø,F
1472,·Ù,F
1473,·Ú,F
1474,èû,F
1475,÷÷,F
1476,·Û,F
1478,·Ý,F
1479,·Ü,F
1480,·ß,F
1481,·à,F
1482,·Þ,F
1483,ÙÇ,F
1484,å¯,F
1485,ö÷,F
1486,·ç,F
1487,·â,F
1488,·á,F
1489,·å,F
1490,·è,F
1491,·æ,F
1492,·ä,F
1493,·ã,F
1494,·é,F
1495,Ûº,F
1496,Ý×,F
1497,ãã,F
1498,í¿,F
1499,·ê,F
1500,·ì,F
1501,·ë,F
1502,·í,F
1503,ßô,F
1504,·î,F
1506,·ï,F
1507,Ùº,F
1509,·ð,F
1510,·ñ,F
1511,ó¾,F
1512,·ò,F
1513,·ô,F
1514,·ó,F
1515,·õ,F
1516,ß»,F
1517,ïû,F
1518,ôï,F
1519,õÃ,F
1520,õÆ,F
1522,·þ,F
1523,¸£,F
1525,·ù,F
1526,·ü,F
1527,·û,F
1528,¸¡,F
1529,·ö,F
1530,¸¥,F
1531,·÷,F
1532,¸¤,F
1533,·ý,F
1534,Ü½,F
1535,æÚ,F
1536,Ùë,F
1537,·ø,F
1538,¸¢,F
1539,·ú,F
1540,èõ,F
1541,òÝ,F
1542,ÜÞ,F
1543,Üò,F
1544,Ý³,F
1545,ÝÊ,F
1546,á¥,F
1547,âö,F
1548,åõ,F
1549,Û®,F
1550,ç¦,F
1551,ç¨,F
1552,Ùì,F
1553,ìð,F
1554,íÉ,F
1555,íê,F
1556,î·,F
1558,ò¶,F
1560,òð,F
1561,¸®,F
1562,¸¸,F
1563,¸¯,F
1564,¸§,F
1565,¸¨,F
1566,¸¦,F
1567,¸©,F
1568,¸«,F
1569,¸¬,F
1570,¸ª,F
1571,¸­,F
1572,ÞÔ,F
1573,äæ,F
1574,íë,F
1576,¸´,F
1578,¸º,F
1579,¸±,F
1580,¸»,F
1581,¸¶,F
1582,¸¾,F
1583,¸½,F
1584,¸°,F
1585,¸¹,F
1586,¸²,F
1587,¸³,F
1588,¸µ,F
1589,¸¿,F
1590,¸À,F
1591,¸·,F
1592,¸¼,F
1593,æâ,F
1594,êç,F
1595,ð¥,F
1596,òó,F
1597,öÖ,F
1598,öû,F
1600,¼Ð,G
1601,¿§,G
1602,¸Â,G
1603,¸ì,G
1604,Ù¤,G
1605,ê¸,G
1606,G,G
1608,¸Á,G
1609,Ôþ,G
1610,æÙ,G
1611,îÅ,G
1613,æØ,G
1614,ÞÎ,G
1615,¸Ã,G
1616,êà,G
1617,Ûò,G
1618,Úë,G
1619,¸Ä,G
1620,¸Å,G
1621,¸Ç,G
1622,Ø¤,G
1623,¸Æ,G
1624,½æ,G
1625,¸È,G
1626,ê®,G
1627,¸É,G
1628,¸Ê,G
1629,¸Î,G
1630,¸Ë,G
1631,ÞÏ,G
1632,Ç¬,G
1633,¸Í,G
1634,Ûá,G
1635,ÜÕ,G
1636,¸Ì,G
1637,ãï,G
1638,í·,G
1639,ðá,G
1640,ôû,G
1641,¸Ð,G
1642,¸Ò,G
1643,¸Ï,G
1645,éÏ,G
1646,¸Ñ,G
1647,ß¦,G
1648,ä÷,G
1650,¸Ó,G
1651,äÆ,G
1652,ç¤,G
1653,êº,G
1654,¸Õ,G
1655,¸Ö,G
1656,¸Ù,G
1657,¸×,G
1658,¿¸,G
1659,¸Ü,G
1660,¸Ô,G
1661,¸Ø,G
1662,î¸,G
1663,¸Û,G
1664,¸Ú,G
1667,í°,G
1668,óà,G
1669,¸ß,G
1670,¸â,G
1671,¸à,G
1672,¸Þ,G
1673,¸á,G
1674,Øº,G
1675,¸Ý,G
1676,éÀ,G
1677,¸å,G
1678,¸ã,G
1679,Þ»,G
1680,éÂ,G
1681,çÉ,G
1682,¸ä,G
1683,ê½,G
1684,¸æ,G
1686,Ú¾,G
1687,Û¬,G
1688,ï¯,G
1689,¸è,G
1690,¸ñ,G
1691,¸ç,G
1692,¸ê,G
1693,¸î,G
1695,¸é,G
1696,¸í,G
1697,¿©,G
1698,¸ë,G
1699,ÒÙ,G
1700,Øî,G
1701,ÛÙ,G
1702,æü,G
1703,ñË,G
1704,¸ï,G
1706,¸ô,G
1707,¸ð,G
1708,¸ó,G
1711,¸ò,G
1712,àÃ,G
1713,÷À,G
1714,ò¢,G
1715,ë¡,G
1716,ëõ,G
1717,ïÓ,G
1718,Üª,G
1719,Øª,G
1720,¸ö,G
1721,¸÷,G
1722,ºÏ,G
1725,ÛÁ,G
1726,ô´,G
1729,¸õ,G
1730,íÑ,G
1731,ò´,G
1732,¸ø,G
1733,¸ù,G
1734,¸ú,G
1735,ßç,G
1736,ôÞ,G
1737,Ø¨,G
1739,Ý¢,G
1740,¸ü,G
1741,¸û,G
1742,¸ý,G
1743,¸þ,G
1744,âÙ,G
1745,¹¢,G
1746,¾±,G
1747,¹£,G
1748,ßì,G
1749,öá,G
1750,¹¡,G
1751,ç®,G
1753,¹¤,G
1754,¹«,G
1755,¹²,G
1756,ºì,G
1757,¹©,G
1758,¹¦,G
1759,¹¥,G
1760,¹¬,G
1761,¹§,G
1762,¹ª,G
1763,¹¨,G
1764,¹­,G
1765,ëÅ,G
1766,ò¼,G
1767,ö¡,G
1768,¹®,G
1769,¹°,G
1770,¹¯,G
1771,çî,G
1774,¹±,G
1775,¾ä,G
1776,¹µ,G
1777,¹´,G
1778,¹³,G
1779,óô,G
1780,Øþ,G
1781,èÛ,G
1782,çÃ,G
1783,÷¸,G
1784,¹·,G
1785,¹¶,G
1786,á¸,G
1788,óÑ,G
1789,¹»,G
1790,¹º,G
1791,¹¹,G
1793,êí,G
1794,¹¸,G
1795,Ú¸,G
1796,æÅ,G
1797,åÜ,G
1798,ì°,G
1799,¹Ã,G
1800,¹Ç,G
1801,¹Â,G
1802,¹À,G
1803,¹¼,G
1804,¹¾,G
1805,ßÉ,G
1806,¹¿,G
1807,¹Á,G
1808,¹½,G
1809,éï,G
1810,ð³,G
1811,ì±,G
1812,ÝÔ,G
1813,òÁ,G
1814,ôþ,G
1815,õý,G
1817,¹Å,G
1818,¹É,G
1819,¹Ä,G
1821,¹È,G
1822,¼Ö,G
1823,ãé,G
1824,¹Æ,G
1826,ðÀ,G
1827,êô,G
1828,ëû,G
1829,Ú¬,G
1830,î­,G
1831,î¹,G
1832,îÜ,G
1833,ØÅ,G
1835,÷½,G
1836,¹Ê,G
1837,¹Ë,G
1838,¹Ì,G
1840,¹Í,G
1841,ïÀ,G
1842,èô,G
1843,êö,G
1844,áÄ,G
1845,ðó,G
1846,öñ,G
1847,À¨,G
1848,¹Ï,G
1849,¹Î,G
1851,èé,G
1852,ëÒ,G
1853,ð»,G
1854,¹Ñ,G
1856,¹Ð,G
1857,¹Ò,G
1858,¹Ó,G
1859,ØÔ,G
1860,Ú´,G
1861,¹Ô,G
1862,Þâ,G
1863,¹Õ,G
1864,¹Ö,G
1865,¹Ø,G
1866,¹Û,G
1867,¹Ù,G
1868,¹Ú,G
1869,¹×,G
1870,ñæ,G
1871,Ý¸,G
1872,ÙÄ,G
1873,ÂÚ,G
1874,÷¤,G
1875,¹Ü,G
1876,¹Ý,G
1879,¹ß,G
1881,¹á,G
1882,¹Þ,G
1883,¹à,G
1884,Þè,G
1885,îÂ,G
1886,äÊ,G
1887,ðÙ,G
1888,¹â,G
1889,ßÛ,G
1890,ë×,G
1891,èæ,G
1892,¹ã,G
1893,áî,G
1894,¹ä,G
1896,¹æ,G
1897,¹é,G
1898,¹å,G
1899,¹ê,G
1900,¹è,G
1901,¹ë,G
1902,ð§,G
1903,¿þ,G
1904,¹ç,G
1905,æ£,G
1906,öÙ,G
1907,¹í,G
1908,¹ì,G
1909,¹î,G
1910,¹ï,G
1911,ØÐ,G
1912,âÑ,G
1913,å³,G
1914,êÐ,G
1915,óþ,G
1916,¹ó,G
1917,¹ð,G
1918,¹ò,G
1919,¹ñ,G
1920,¹ô,G
1921,È²,G
1922,ØÛ,G
1923,èí,G
1924,êÁ,G
1925,÷¬,G
1926,¹ö,G
1927,öç,G
1928,Ùò,G
1929,çµ,G
1930,íÞ,G
1931,¹õ,G
1932,¹÷,G
1933,¹ý,G
1934,¹ø,G
1935,¹ù,G
1936,ÎÐ,G
1937,ñø,G
1938,òå,G
1939,áÆ,G
1940,Ûö,G
1941,ßÃ,G
1942,¹ú,G
1943,àþ,G
1945,Ùå,G
1946,ë½,G
1947,¹û,G
1948,¹ü,G
1949,â£,G
1950,é¤,G
1951,òä,G
1953,¹þ,H
1954,îþ,H
1955,H,H
1956,Ïº,H
1957,¸ò,H
1960,ºÙ,H
1961,¿È,H
1962,àË,H
1963,»¹,H
1964,º¢,H
1965,º¡,H
1966,º£,H
1967,ëÜ,H
1968,õ°,H
1969,º¦,H
1970,º¥,H
1971,º§,H
1972,º¤,H
1973,º¨,H
1974,º©,H
1975,ñü,H
1976,÷ý,H
1977,òÀ,H
1978,º¬,H
1979,º®,H
1980,º¹,H
1981,º«,H
1982,º­,H
1983,º¯,H
1984,êÏ,H
1985,ìÊ,H
1986,ºª,H
1987,Úõ,H
1988,º°,H
1989,º±,H
1990,ãÛ,H
1991,ºº,H
1993,º¶,H
1994,º²,H
1995,º³,H
1996,ºµ,H
1997,º´,H
1998,º·,H
1999,å«,H
2000,º¸,H
2001,ò¥,H
2002,ÝÕ,H
2003,Þþ,H
2004,º»,H
2005,ÐÐ,H
2006,º½,H
2007,¿Ô,H
2008,º¼,H
2009,ç¬,H
2010,çñ,H
2011,ñþ,H
2013,Ïï,H
2014,ãì,H
2015,Ýï,H
2016,Þ¶,H
2017,àã,H
2018,ºÅ,H
2019,ºÁ,H
2020,ºÀ,H
2021,º¿,H
2022,º¾,H
2023,ºÑ,H
2024,àÆ,H
2025,å©,H
2026,òº,H
2027,ºÃ,H
2028,ºÂ,H
2031,ºÆ,H
2032,ºÄ,H
2033,ð©,H
2034,ê»,H
2035,å°,H
2036,¸ä,H
2037,ò«,H
2038,ºÈ,H
2039,ºÇ,H
2040,Ú­,H
2041,àÀ,H
2042,ºÍ,H
2043,ºÎ,H
2044,ºÏ,H
2045,ºÓ,H
2046,ºË,H
2047,ºÐ,H
2048,ºÌ,H
2049,ºÉ,H
2050,ºÒ,H
2051,ºÔ,H
2052,ãØ,H
2054,êÂ,H
2055,ò¢,H
2056,ÛÀ,H
2057,ºÊ,H
2058,îÁ,H
2059,æü,H
2060,òÂ,H
2061,ôç,H
2065,ºÕ,H
2066,ÏÅ,H
2067,ºØ,H
2069,º×,H
2070,ÛÖ,H
2071,ºÖ,H
2072,ºÚ,H
2075,ºÛ,H
2076,ºÜ,H
2077,ºÝ,H
2078,ºÞ,H
2079,ºß,H
2080,ºà,H
2082,ºá,H
2083,ºâ,H
2084,ºã,H
2085,Þ¿,H
2087,èì,H
2090,ºä,H
2091,ºå,H
2092,ºæ,H
2093,Þ°,H
2094,Ùê,H
2095,ºì,H
2096,ºé,H
2097,ºè,H
2098,ºê,H
2099,ºç,H
2100,ºë,H
2101,ãü,H
2102,ãÈ,H
2103,Þ®,H
2104,Ùä,H
2105,Ý¦,H
2108,Ú§,H
2110,ºî,H
2111,ºí,H
2112,ºï,H
2113,ðú,H
2114,óó,H
2115,ô×,H
2116,÷¿,H
2117,ºð,H
2118,ºó,H
2119,ºò,H
2120,áá,H
2121,ºñ,H
2123,åË,H
2124,Ü©,H
2125,ö×,H
2126,ºõ,H
2127,ºô,H
2128,Ï·,H
2129,ºö,H
2130,ºý,H
2131,ã±,H
2132,ßü,H
2133,äï,H
2134,éõ,H
2135,ìÃ,H
2137,ºú,H
2138,ºþ,H
2141,ºø,H
2142,ºü,H
2143,ºù,H
2144,»¡,H
2145,ºû,H
2146,àñ,H
2147,º÷,H
2148,õú,H
2149,ðÀ,H
2150,õ­,H
2151,â©,H
2152,éÎ,H
2153,ðÉ,H
2154,ì²,H
2155,ìÎ,H
2156,÷½,H
2157,»¢,H
2158,ä°,H
2159,»£,H
2160,çú,H
2161,»¤,H
2162,»§,H
2163,»¥,H
2166,»¦,H
2167,ìï,H
2168,ìè,H
2169,ìæ,H
2170,óË,H
2171,á²,H
2172,âï,H
2173,ð­,H
2174,ð×,H
2175,Ùü,H
2176,»ª,H
2177,»¯,H
2178,»¨,H
2179,»©,H
2180,í¹,H
2182,»®,H
2183,»¬,H
2185,»í,H
2186,»«,H
2187,æè,H
2188,îü,H
2189,»°,H
2193,»­,H
2194,èë,H
2195,»³,H
2196,»²,H
2197,»´,H
2198,»±,H
2199,õ×,H
2200,»µ,H
2202,»¶,H
2203,âµ,H
2205,»·,H
2206,å¾,H
2207,÷ß,H
2208,»¸,H
2209,à÷,H
2210,ä¡,H
2211,Û¨,H
2212,çÙ,H
2213,ïÌ,H
2214,ÝÈ,H
2215,»º,H
2216,»»,H
2217,»¼,H
2218,»Ã,H
2219,»½,H
2220,»Â,H
2221,»À,H
2222,»¾,H
2223,»Á,H
2224,ä½,H
2225,Û¼,H
2226,ß§,H
2227,»¿,H
2228,äñ,H
2229,åÕ,H
2230,öé,H
2231,»Ä,H
2232,»Å,H
2233,ëÁ,H
2234,»Æ,H
2235,»Ê,H
2236,»Í,H
2237,»Ì,H
2238,áå,H
2239,è«,H
2240,»É,H
2241,»Ë,H
2242,äê,H
2243,»È,H
2244,ó¨,H
2245,åØ,H
2246,Úò,H
2247,»Ç,H
2248,ñ¥,H
2249,äÒ,H
2250,óò,H
2251,öü,H
2252,»Î,H
2253,»Ð,H
2254,»Ñ,H
2255,»Ï,H
2257,»Ó,H
2258,»Ô,H
2259,»Ò,H
2260,»Ö,H
2261,»Õ,H
2262,¶é,H
2263,Ú¶,H
2264,êÍ,H
2265,÷â,H
2266,çõ,H
2267,ßÔ,H
2268,ò³,H
2269,ãÄ,H
2270,»Ø,H
2272,»×,H
2273,Üî,H
2274,ä§,H
2275,»Ù,H
2276,»Ú,H
2278,»á,H
2279,»ã,H
2280,»Ý,H
2281,»Û,H
2282,À£,H
2283,»æ,H
2284,»ä,H
2285,»ß,H
2286,»Þ,H
2287,»à,H
2288,»å,H
2289,åç,H
2290,»â,H
2291,Üö,H
2292,»Ü,H
2293,à¹,H
2294,í£,H
2295,ä«,H
2296,ßÜ,H
2297,çÀ,H
2298,èí,H
2299,Þ¥,H
2300,ó³,H
2301,»é,H
2302,»è,H
2303,»ç,H
2304,ãÔ,H
2305,»ì,H
2306,»ê,H
2307,»ë,H
2308,âÆ,H
2311,Ú»,H
2312,äã,H
2314,Øå,H
2315,ß«,H
2316,ïÁ,H
2317,ñë,H
2319,»î,H
2320,»ð,H
2321,»ï,H
2322,â·,H
2323,îØ,H
2325,»ò,H
2326,»ñ,H
2327,»õ,H
2328,»ö,H
2329,»ó,H
2330,»ô,H
2332,Þ½,H
2333,àë,H
2334,ïì,H
2335,ó¶,H
2336,Æä,J
2337,¼¸,J
2338,ÆÚ,J
2339,»ú,J
2340,»ù,J
2341,»÷,J
2342,Ææ,J
2343,¼¤,J
2344,»ý,J
2345,¼¦,J
2346,¼£,J
2347,¼¨,J
2348,¼¢,J
2349,¼©,J
2350,»ø,J
2351,¼§,J
2352,í¶,J
2353,¼¡,J
2354,¼¥,J
2355,ß´,J
2356,»ü,J
2357,»û,J
2358,õÒ,J
2359,î¿,J
2360,ïú,J
2361,ßó,J
2362,çÜ,J
2363,ì´,J
2364,»þ,J
2365,åì,J
2366,ØÞ,J
2367,çá,J
2368,êå,J
2369,ê÷,J
2370,ÛÔ,J
2371,Ü¸,J
2372,Ø¢,J
2373,ßÒ,J
2374,óÇ,J
2375,ØÀ,J
2376,J,J
2377,¸ï,J
2378,¼°,J
2379,¼´,J
2380,¼­,J
2381,¼¶,J
2382,¼«,J
2383,¼¯,J
2384,¼±,J
2385,¼®,J
2386,¼ª,J
2387,¼²,J
2388,¼µ,J
2389,½å,J
2390,¼¹,J
2391,¼¬,J
2392,¼³,J
2393,á§,J
2394,óÅ,J
2395,ñ¤,J
2396,Úµ,J
2397,Ø½,J
2398,é®,J
2399,Ýð,J
2400,éê,J
2401,Ù¥,J
2402,ê«,J
2403,áÕ,J
2404,Þª,J
2406,¸ø,J
2407,¼º,J
2409,¼Ã,J
2410,¼Í,J
2411,¼·,J
2413,êª,J
2414,ò±,J
2415,Þá,J
2416,÷ä,J
2417,¼Ç,J
2418,Ïµ,J
2419,¼Æ,J
2421,¼Ä,J
2422,¼Ê,J
2423,¼¼,J
2425,¼Ì,J
2426,¼È,J
2427,Æë,J
2428,¼¾,J
2429,¼Å,J
2430,¼À,J
2431,¼É,J
2432,¼Á,J
2433,¼½,J
2434,¼Ë,J
2435,æ÷,J
2436,¼»,J
2437,¼Â,J
2438,¼¿,J
2439,ôß,J
2440,ö«,J
2441,ð¢,J
2442,ÙÊ,J
2443,öê,J
2444,÷Ù,J
2445,êé,J
2446,Üù,J
2447,õÕ,J
2448,ßâ,J
2449,öÝ,J
2450,ä©,J
2451,ÜÁ,J
2452,¼Ò,J
2453,¼Ó,J
2454,¼Ñ,J
2455,¼Ð,J
2456,¼Î,J
2457,ÇÑ,J
2458,Ð®,J
2459,¼Ï,J
2460,çì,J
2461,åÈ,J
2462,Ù¤,J
2463,ä¤,J
2464,ðè,J
2465,óÕ,J
2466,Ýç,J
2467,ïØ,J
2468,ôÂ,J
2469,õÊ,J
2471,¼Õ,J
2472,ê©,J
2473,¼Ô,J
2474,Û£,J
2475,í¢,J
2476,îò,J
2477,ñÊ,J
2478,òÌ,J
2479,¼Ù,J
2480,½Ç,J
2481,½Å,J
2482,¼×,J
2483,½Á,J
2484,¼Ö,J
2485,½É,J
2486,½Ê,J
2487,½È,J
2488,½Ã,J
2489,Ù®,J
2490,½Æ,J
2491,½Ë,J
2492,½Ä,J
2493,ð¨,J
2494,ëÎ,J
2495,½Â,J
2496,ÞØ,J
2497,áµ,J
2498,áè,J
2499,äÐ,J
2500,ë¸,J
2501,¼Ø,J
2502,ØÅ,J
2503,ðý,J
2504,¼Û,J
2506,¼Ü,J
2507,¼Ý,J
2508,¼Þ,J
2509,¼Ú,J
2511,¼ä,J
2512,¼á,J
2513,¼à,J
2514,½¥,J
2515,¼æ,J
2516,¼è,J
2517,¼ç,J
2518,Ç³,J
2519,¼â,J
2520,¼é,J
2521,½¦,J
2522,¼å,J
2523,¼ß,J
2524,¼ê,J
2525,¼ã,J
2526,ÝÑ,J
2527,Ýó,J
2528,Þö,J
2529,äÕ,J
2530,çÌ,J
2531,ê§,J
2532,êù,J
2533,ðÏ,J
2534,öä,J
2535,÷µ,J
2536,¼ò,J
2537,¼õ,J
2538,¼ì,J
2539,¼ô,J
2540,¼ñ,J
2541,¼ð,J
2542,¼ó,J
2543,¼î,J
2544,¼ë,J
2545,¼í,J
2546,å¿,J
2547,åÀ,J
2548,¼ï,J
2549,íú,J
2550,ïµ,J
2551,èÅ,J
2552,ê¯,J
2553,ÚÙ,J
2554,àî,J
2555,ñÐ,J
2556,óÈ,J
2557,ôå,J
2558,õÂ,J
2559,¼û,J
2561,¼þ,J
2562,½¨,J
2565,½¡,J
2566,½£,J
2567,¼ü,J
2568,¼ö,J
2569,¼ø,J
2570,¼ù,J
2571,½¢,J
2572,¼ý,J
2573,¼ú,J
2575,¼÷,J
2576,ÚÉ,J
2577,ÙÔ,J
2578,½§,J
2579,½¤,J
2580,ë¦,J
2582,é¥,J
2583,ëì,J
2584,êð,J
2585,õÝ,J
2586,½«,J
2587,½­,J
2588,½®,J
2589,½ª,J
2590,½¬,J
2591,½©,J
2592,çÖ,J
2593,Üü,J
2594,íä,J
2595,ôø,J
2596,½²,J
2597,½±,J
2598,½¯,J
2599,½°,J
2600,ñð,J
2602,Ç¿,J
2603,½µ,J
2604,½´,J
2606,ºç,J
2607,½³,J
2608,êñ,J
2609,ç­,J
2610,ä®,J
2611,ôÝ,J
2612,½Ì,J
2613,½»,J
2614,½¹,J
2615,½¾,J
2616,½¼,J
2617,½º,J
2618,½·,J
2619,½¿,J
2620,½½,J
2621,æ¯,J
2622,õÓ,J
2623,½¶,J
2624,½¸,J
2625,öÞ,J
2626,ÙÕ,J
2627,ðÔ,J
2628,òÔ,J
2629,Ü´,J
2630,Üú,J
2631,½À,J
2633,á½,J
2652,¾õ,J
2653,Ð£,J
2654,½Ð,J
2655,½Ï,J
2656,½Î,J
2658,½Ñ,J
2659,½Í,J
2660,àÝ,J
2663,õ´,J
2664,½Ó,J
2665,½á,J
2666,½Ú,J
2667,½Ö,J
2668,½×,J
2669,½Ô,J
2670,½Ò,J
2671,¿¬,J
2672,àµ,J
2673,½Õ,J
2674,ðÜ,J
2675,à®,J
2678,½Ü,J
2679,½Ý,J
2680,½Ø,J
2681,½à,J
2682,½Ù,J
2683,½ß,J
2684,½Þ,J
2685,½Û,J
2686,Þ×,J
2687,æÝ,J
2689,èî,J
2690,íÙ,J
2692,ò¡,J
2693,Ú¦,J
2694,æ¼,J
2695,ôÉ,J
2696,öÚ,J
2697,½â,J
2698,½ã,J
2699,½ç,J
2702,½é,J
2703,½è,J
2704,½ä,J
2705,½ì,J
2707,½ë,J
2708,½æ,J
2709,½ê,J
2710,ò»,J
2711,÷º,J
2714,½ñ,J
2715,½ð,J
2716,½û,J
2717,½ò,J
2718,½ï,J
2719,½î,J
2720,½í,J
2721,½ó,J
2722,ñæ,J
2723,ñÆ,J
2724,¾¡,J
2725,½ö,J
2726,½ô,J
2727,½÷,J
2728,½õ,J
2729,èª,J
2730,âË,J
2731,Úá,J
2732,âÛ,J
2733,ÝÀ,J
2734,éÈ,J
2735,½ø,J
2736,½ü,J
2740,¾¢,J
2741,½ú,J
2742,½þ,J
2743,½ù,J
2744,çÆ,J
2745,½ý,J
2746,àä,J
2747,êî,J
2748,Ý£,J
2749,êá,J
2750,æ¡,J
2751,¾­,J
2752,¾©,J
2753,¾«,J
2754,¾ª,J
2755,¾¦,J
2756,¾§,J
2757,¾£,J
2758,¾¤,J
2759,¾¨,J
2760,ãþ,J
2761,ìº,J
2762,¾¥,J
2763,ëæ,J
2764,Ý¼,J
2765,¾¬,J
2766,¾¯,J
2767,¾°,J
2768,¾®,J
2769,¾±,J
2770,ã½,J
2771,Úå,J
2772,ÙÓ,J
2773,ØÙ,J
2774,ëÂ,J
2776,¾³,J
2777,¾¹,J
2778,¾²,J
2779,¾´,J
2780,¾µ,J
2782,¾º,J
2783,¾»,J
2784,¾¶,J
2785,¾¸,J
2786,¾·,J
2787,åÉ,J
2788,ëÖ,J
2789,åò,J
2790,æº,J
2791,â°,J
2792,ö¦,J
2793,ìç,J
2794,¾½,J
2795,¾¼,J
2796,åÄ,J
2797,êÁ,J
2798,¾¿,J
2799,¾À,J
2800,¾¾,J
2801,ð¯,J
2802,ôñ,J
2803,à±,J
2804,ãÎ,J
2805,÷Ý,J
2806,¾Å,J
2807,¾Æ,J
2808,¾Ã,J
2809,¾Â,J
2810,¾Ä,J
2811,¾Á,J
2812,¾Í,J
2813,¾É,J
2814,¾È,J
2815,¾Î,J
2816,¾Ë,J
2817,¾Ì,J
2818,¾Ê,J
2819,ðÕ,J
2820,ÙÖ,J
2821,¾Ç,J
2822,èê,J
2823,èÑ,J
2824,¾Ý,J
2825,ÇÒ,J
2826,¾Ó,J
2827,¾ã,J
2828,¾Ð,J
2829,¾Ô,J
2830,¾Ï,J
2831,¾â,J
2832,ôò,J
2833,Þä,J
2834,¾Ò,J
2835,ñÕ,J
2836,ÜÚ,J
2837,é§,J
2838,ï¸,J
2839,¾Ñ,J
2840,è¢,J
2841,öÂ,J
2842,÷¶,J
2843,¾Ö,J
2844,¾Õ,J
2846,éÙ,J
2848,¾Ù,J
2849,¹ñ,J
2850,¾Ø,J
2851,¾×,J
2852,¾Ú,J
2853,õá,J
2854,ö´,J
2855,é·,J
2856,Üì,J
2857,èÛ,J
2859,¾ä,J
2860,¾ß,J
2861,¾ç,J
2862,¾Þ,J
2863,¾Û,J
2864,¾Ü,J
2865,¾à,J
2867,¾å,J
2869,öÄ,J
2871,¾æ,J
2873,ì«,J
2874,¾á,J
2875,åá,J
2876,ÙÆ,J
2877,îÒ,J
2878,êø,J
2879,åð,J
2880,é°,J
2881,ñÀ,J
2882,Úª,J
2883,õ¶,J
2884,ÜÄ,J
2885,¾è,J
2886,È¦,J
2887,¾ê,J
2888,¾é,J
2889,ä¸,J
2890,ïÔ,J
2891,îÃ,J
2892,¾í,J
2893,ïÃ,J
2896,¾ë,J
2897,¾ì,J
2898,öÁ,J
2899,¾î,J
2900,áú,J
2901,èð,J
2902,Û²,J
2904,¾ï,J
2905,àÙ,J
2907,¾ø,J
2908,¾ö,J
2912,¾ò,J
2913,¾÷,J
2914,áÈ,J
2915,¾ô,J
2916,¾ñ,J
2917,¾ó,J
2918,â±,J
2919,ØÊ,J
2920,õê,J
2921,¾ð,J
2922,ÚÜ,J
2923,ÛÇ,J
2924,æÞ,J
2925,éÓ,J
2926,àå,J
2927,çå,J
2928,èö,J
2929,Øã,J
2930,ìß,J
2931,ïã,J
2932,Þ§,J
2933,õû,J
2936,¾ü,J
2937,¾ù,J
2938,¾ý,J
2939,¾û,J
2940,óÞ,J
2941,¹ê,J
2942,¾ú,J
2943,ñä,J
2944,÷å,J
2945,¿¡,J
2946,¾þ,J
2949,¿¤,J
2950,¿¥,J
2951,¿¢,J
2952,ÞÜ,J
2953,¿£,J
2954,¿§,K
2955,¿¦,K
2956,ßÇ,K
2957,K,K
2958,¿¨,K
2959,¿©,K
2961,Øû,K
2962,ëÌ,K
2963,¿ª,K
2964,¿«,K
2965,ï´,K
2966,¿®,K
2967,¿­,K
2968,îø,K
2969,¿¬,K
2970,âý,K
2971,ÝÜ,K
2972,ØÜ,K
2973,Ûî,K
2974,ïÇ,K
2975,âé,K
2976,¿´,K
2977,¿¯,K
2978,¿°,K
2979,¿±,K
2980,íè,K
2981,ê¬,K
2982,Ù©,K
2983,¿³,K
2984,¿²,K
2985,¼÷,K
2986,ãÛ,K
2987,Ý¨,K
2989,Ç¶,K
2990,î«,K
2992,¿µ,K
2993,¿¶,K
2994,¿·,K
2995,ãÊ,K
2996,¿¸,K
2997,¿¹,K
2998,¿»,K
2999,¿º,K
3000,Øø,K
3002,îÖ,K
3003,åê,K
3004,¿¼,K
3005,¿¾,K
3006,¿½,K
3007,èà,K
3008,¿¿,K
3009,îí,K
3010,êû,K
3011,¿Æ,K
3012,¿Å,K
3013,¿Â,K
3014,ºÇ,K
3015,¿Ã,K
3016,¿Á,K
3017,¿Ä,K
3018,¿À,K
3019,à¾,K
3020,î§,K
3021,éð,K
3022,ïý,K
3023,ðâ,K
3024,òò,K
3025,îÝ,K
3026,ñ½,K
3027,ò¤,K
3028,çæ,K
3029,÷Á,K
3030,¿È,K
3031,¿Ç,K
3033,¿É,K
3034,¿Ê,K
3037,á³,K
3039,¿Ë,K
3040,¿Í,K
3041,¿Ì,K
3042,¿Î,K
3043,ã¡,K
3045,äÛ,K
3046,æì,K
3047,ç¼,K
3048,ë´,K
3049,ï¾,K
3050,òÂ,K
3051,¿Ï,K
3052,¿Ò,K
3053,¿Ð,K
3054,¿Ñ,K
3055,ö¸,K
3056,ñÌ,K
3057,¿Ó,K
3058,¿Ô,K
3059,ï¬,K
3060,¿Õ,K
3061,ÙÅ,K
3062,áÇ,K
3063,óí,K
3064,¿Ö,K
3065,¿×,K
3068,¿Ø,K
3069,¿Ù,K
3070,ÜÒ,K
3071,íî,K
3072,¿Ú,K
3073,¿Û,K
3074,¿Ü,K
3075,ßµ,K
3076,Þ¢,K
3077,óØ,K
3078,¿Þ,K
3079,¿Ý,K
3080,¿ß,K
3081,÷¼,K
3082,ØÚ,K
3083,Ü¥,K
3084,¿à,K
3085,¿â,K
3086,¿ã,K
3087,¿á,K
3088,à·,K
3089,ç«,K
3090,¿ä,K
3091,¿å,K
3092,Ù¨,K
3093,¿ç,K
3094,¿æ,K
3095,¿è,K
3096,Øá,K
3097,»á,K
3098,¿ì,K
3099,¿é,K
3100,¿ê,K
3101,ëÚ,K
3102,ßà,K
3103,¿ë,K
3104,áö,K
3105,ä«,K
3106,Û¦,K
3107,¿í,K
3108,÷Å,K
3109,¿î,K
3110,¿ò,K
3111,¿ð,K
3112,¿ï,K
3113,ßÑ,K
3114,Ú²,K
3115,¿ñ,K
3116,Ú¿,K
3117,ÞÅ,K
3118,¿ö,K
3119,¿ó,K
3121,¿õ,K
3122,¿ô,K
3123,Ú÷,K
3124,ÛÛ,K
3125,æþ,K
3126,êÜ,K
3127,¿÷,K
3128,¿ú,K
3129,¿ø,K
3130,¿ù,K
3131,ã¦,K
3132,¿ý,K
3133,î¥,K
3134,åÓ,K
3135,¿û,K
3136,¿ü,K
3137,Ø¸,K
3138,Ùç,K
3139,à­,K
3140,Úó,K
3141,êÒ,K
3142,Þñ,K
3143,òñ,K
3144,¿þ,K
3145,õÍ,K
3146,À¢,K
3147,À£,K
3148,À¡,K
3149,ØÑ,K
3150,à°,K
3151,ñù,K
3152,óñ,K
3153,ÝÞ,K
3154,ã´,K
3155,À¥,K
3156,À¤,K
3157,öï,K
3158,ï¿,K
3159,õ«,K
3160,çû,K
3161,÷Õ,K
3162,À¦,K
3163,ã§,K
3164,ãÍ,K
3165,À§,K
3166,À¨,K
3167,ÊÊ,K
3168,À«,K
3169,À©,K
3170,Àª,K
3171,èé,K
3172,òÒ,K
3173,À­,L
3174,À²,L
3175,À®,L
3176,À¬,L
3177,åå,L
3178,L,L
3181,ê¹,L
3182,íÇ,L
3185,Âä,L
3187,À±,L
3188,À°,L
3189,À¯,L
3190,ØÝ,L
3191,ðø,L
3192,À¶,L
3194,À´,L
3195,À³,L
3196,áâ,L
3197,äµ,L
3198,áÁ,L
3199,ïª,L
3200,Àµ,L
3201,íù,L
3202,ñ®,L
3203,ô¥,L
3204,êã,L
3205,äþ,L
3206,À¼,L
3208,À¸,L
3209,À¹,L
3210,Àº,L
3211,À½,L
3212,À·,L
3213,á°,L
3214,ìµ,L
3215,À»,L
3216,ñÜ,L
3217,ïç,L
3218,À¾,L
3219,ÀÁ,L
3220,ÀÀ,L
3221,À¿,L
3222,é­,L
3223,ÀÂ,L
3224,äí,L
3225,î½,L
3226,ÀÃ,L
3227,ÀÄ,L
3228,à¥,L
3229,ÀÇ,L
3230,ÀÉ,L
3231,ÀÈ,L
3232,ÀÅ,L
3233,òë,L
3234,ÀÆ,L
3235,ï¶,L
3236,ïü,L
3237,ãÏ,L
3238,ÀÊ,L
3239,ÀË,L
3241,Ý¹,L
3242,Ýõ,L
3244,ÀÌ,L
3245,ÀÍ,L
3246,ÀÎ,L
3247,ßë,L
3248,áÀ,L
3249,ï©,L
3250,ðì,L
3251,õ²,L
3252,ÀÏ,L
3253,ÀÑ,L
3254,ÀÐ,L
3255,ÁÊ,L
3256,èá,L
3257,îî,L
3259,Âç,L
3261,ÀÓ,L
3262,ÀÒ,L
3263,ÀÔ,L
3264,ñì,L
3265,Àß,L
3266,ÀÖ,L
3267,ÀÕ,L
3268,Øì,L
3269,ß·,L
3270,ãî,L
3271,÷¦,L
3272,ÁË,L
3274,ÀÞ,L
3275,ÀÛ,L
3276,À×,L
3278,Ùú,L
3279,ÀØ,L
3280,æÐ,L
3281,çÐ,L
3282,éÛ,L
3284,ÀÙ,L
3285,ÀÝ,L
3286,ÀÚ,L
3287,ÀÜ,L
3288,Ú³,L
3289,ñç,L
3290,Àà,L
3291,Àá,L
3295,õª,L
3296,àÏ,L
3297,Àâ,L
3298,Àã,L
3300,Ü¨,L
3301,Àä,L
3302,ã¶,L
3303,Á¨,L
3304,Àë,L
3305,Àö,L
3306,Àè,L
3307,Á§,L
3308,Àì,L
3309,Àê,L
3310,Àæ,L
3311,Àé,L
3312,Àç,L
3313,Àå,L
3314,î¾,L
3315,Þ¼,L
3316,æê,L
3317,òÛ,L
3318,÷ó,L
3319,çÊ,L
3320,à¬,L
3321,ð¿,L
3322,æË,L
3323,ó»,L
3324,öâ,L
3325,Ýñ,L
3326,Àï,L
3327,Àí,L
3328,Àî,L
3329,Àñ,L
3331,Àð,L
3332,Ùµ,L
3333,åÎ,L
3334,æ²,L
3335,ã¦,L
3336,å¢,L
3337,ï®,L
3339,õ·,L
3340,÷¯,L
3341,Á¦,L
3342,Àû,L
3343,Á¢,L
3344,Àú,L
3345,Àý,L
3347,Àø,L
3348,À÷,L
3349,Àò,L
3350,óÒ,L
3351,Á£,L
3352,Àþ,L
3353,Àõ,L
3354,Á¥,L
3355,Àô,L
3356,Á¤,L
3357,ö¨,L
3358,Ý°,L
3359,ìå,L
3360,Ù³,L
3361,íÂ,L
3362,Á¡,L
3363,Ûª,L
3364,îº,L
3365,Àó,L
3366,èÀ,L
3367,ß¿,L
3368,à¦,L
3369,áû,L
3370,äà,L
3371,Àù,L
3372,èÝ,L
3373,éö,L
3374,Àü,L
3375,ÛÞ,L
3376,ÜÂ,L
3377,ðÝ,L
3378,ðß,L
3379,òÃ,L
3380,Øª,L
3381,óö,L
3382,ôÏ,L
3383,õÈ,L
3384,Þº,L
3387,Á©,L
3388,Áª,L
3389,Á¬,L
3390,Á¯,L
3391,Á«,L
3392,Á®,L
3393,Á±,L
3394,Á°,L
3395,Á­,L
3396,ñÍ,L
3397,å¥,L
3398,ì¡,L
3399,ÞÆ,L
3400,ó¹,L
3401,öã,L
3402,Á³,L
3403,Á²,L
3404,çö,L
3405,Ýü,L
3406,ñÏ,L
3407,Á·,L
3408,Áµ,L
3409,Á¶,L
3410,Á´,L
3411,éç,L
3412,é¬,L
3413,äò,L
3414,Á¿,L
3415,Á¼,L
3416,Áº,L
3417,Á¹,L
3418,Á¸,L
3419,Á»,L
3420,õÔ,L
3422,é£,L
3423,Ü®,L
3424,Á½,L
3426,÷Ë,L
3428,ÁÁ,L
3429,Á¾,L
3431,ÁÂ,L
3432,ÁÀ,L
3434,ö¦,L
3435,ÁÃ,L
3436,ÁÌ,L
3437,ÁÄ,L
3438,ÁÆ,L
3439,ÁÉ,L
3440,ÁÅ,L
3441,ÁÈ,L
3444,çÔ,L
3445,å¼,L
3446,ÁÇ,L
3447,àÚ,L
3448,â²,L
3449,ðÓ,L
3453,Þ¤,L
3454,îÉ,L
3456,ÁÏ,L
3457,ÁÎ,L
3458,ÁÍ,L
3461,ÞÍ,L
3463,ßÖ,L
3464,ÁÑ,L
3466,ÁÐ,L
3467,ÁÒ,L
3469,ÁÓ,L
3470,ÁÔ,L
3471,ôó,L
3472,Ùý,L
3473,ä£,L
3474,Þæ,L
3475,Ûø,L
3476,õñ,L
3477,÷à,L
3479,ÁÖ,L
3480,ÁÙ,L
3481,ÃØ,L
3482,ÁÚ,L
3483,ÁÕ,L
3484,ÁÜ,L
3485,ÁØ,L
3486,÷ë,L
3487,ÁÛ,L
3488,Á×,L
3489,á×,L
3490,ê¥,L
3491,ôÔ,L
3492,åà,L
3493,ßø,L
3494,î¬,L
3495,ÁÝ,L
3496,ãÁ,L
3497,éÝ,L
3498,âÞ,L
3500,Áß,L
3501,õï,L
3502,ÁÞ,L
3503,Ýþ,L
3504,ì¢,L
3505,Áà,L
3506,Áî,L
3507,Áé,L
3508,Áã,L
3509,Áä,L
3510,Áè,L
3511,Áá,L
3512,Áå,L
3513,Áê,L
3514,Áæ,L
3515,ñö,L
3516,àò,L
3518,Áâ,L
3519,Üß,L
3520,ôá,L
3521,èù,L
3522,ê²,L
3523,ç±,L
3524,Û¹,L
3525,ãö,L
3526,Áç,L
3527,òÈ,L
3528,èÚ,L
3529,öì,L
3530,Áì,L
3532,Áë,L
3534,Áí,L
3535,ßÊ,L
3536,Áï,L
3537,ìÖ,L
3538,Áô,L
3539,Á÷,L
3540,Áõ,L
3541,Áö,L
3542,Áñ,L
3543,ä¯,L
3544,Áò,L
3545,Áð,L
3546,åÞ,L
3547,Áó,L
3548,ïÖ,L
3549,ì¼,L
3550,æò,L
3551,öÌ,L
3552,Áø,L
3553,ç¸,L
3554,ï³,L
3555,Áù,L
3556,Â½,L
3558,Âµ,L
3562,ðÒ,L
3563,¿©,L
3564,Â¡,L
3565,Áú,L
3567,Áý,L
3568,ëÊ,L
3569,Áü,L
3570,Áû,L
3571,çç,L
3572,Áþ,L
3573,Ü×,L
3574,èÐ,L
3575,ãñ,L
3576,íÃ,L
3577,ñª,L
3579,Â£,L
3580,Â¢,L
3581,Â¤,L
3582,Ûâ,L
3583,Åª,L
3584,Â§,L
3585,Â¥,L
3586,à¶,L
3587,ÙÍ,L
3588,Â¦,L
3589,÷Ã,L
3590,ò÷,L
3591,Ýä,L
3592,ñï,L
3594,Â¨,L
3595,áÐ,L
3596,Â¶,L
3597,Âª,L
3598,Â©,L
3599,ïÎ,L
3600,ðü,L
3602,àà,L
3603,ß£,L
3604,Â¬,L
3605,Â¯,L
3606,Â®,L
3607,Â«,L
3608,Â­,L
3609,ãò,L
3610,éñ,L
3611,öÔ,L
3612,Ûä,L
3613,ëÍ,L
3614,ðµ,L
3615,ôµ,L
3616,èÓ,L
3617,Â³,L
3619,Â±,L
3620,Â²,L
3621,Â°,L
3622,éÖ,L
3623,ïå,L
3625,Â·,L
3627,Â¼,L
3629,ÂÌ,L
3630,Â¹,L
3632,Â»,L
3633,ê¤,L
3634,Â´,L
3635,Â¸,L
3636,äõ,L
3637,Â¾,L
3638,óü,L
3639,ðØ,L
3640,Âº,L
3641,è´,L
3642,éû,L
3643,äË,L
3645,åÖ,L
3647,ëª,L
3648,ÂÃ,L
3649,ÂÄ,L
3650,ÂÅ,L
3651,ÂÂ,L
3652,ÂÆ,L
3653,ÂÀ,L
3654,ÞÛ,L
3655,ÂÁ,L
3657,ñÚ,L
3658,ëö,L
3659,ïù,L
3660,ÂÉ,L
3662,ÂÊ,L
3663,ÂÇ,L
3664,ÂË,L
3665,ÂÈ,L
3666,Â¿,L
3667,éµ,L
3668,ãÌ,L
3669,ÂÍ,L
3670,ÂÎ,L
3671,ÂÏ,L
3672,èï,L
3673,öÇ,L
3674,ÂÐ,L
3675,ð½,L
3676,æ®,L
3677,Ùõ,L
3678,ÂÑ,L
3679,ÂÒ,L
3680,ÂÓ,L
3681,ÂÔ,L
3683,ï²,L
3684,ÂÕ,L
3685,ÂÛ,L
3686,ÂÖ,L
3687,Â×,L
3688,ÂÙ,L
3689,ÂØ,L
3691,àð,L
3692,ÂÚ,L
3695,ÂÞ,L
3698,Âß,L
3699,ÂÜ,L
3700,ÂÝ,L
3701,Âà,L
3702,Âá,L
3703,Ââ,L
3704,â¤,L
3705,é¡,L
3706,ëá,L
3707,ïÝ,L
3708,Âã,L
3709,ÙÀ,L
3710,Ùù,L
3711,ñ§,L
3714,Âå,L
3715,Âæ,L
3717,Þû,L
3719,çó,L
3720,ãø,L
3721,äð,L
3722,Üý,L
3723,íÑ,L
3724,öÃ,L
3726,ß¼,M
3727,M,M
3728,Âè,M
3729,Âé,M
3730,Ä¦,M
3731,Ä¨,M
3732,Âì,M
3733,æÖ,M
3734,Âð,M
3736,ó¡,M
3737,Âí,M
3739,Âë,M
3740,Âê,M
3742,áï,M
3743,Âî,M
3745,ßé,M
3746,è¿,M
3747,Ã´,M
3749,Âï,M
3750,Âñ,M
3751,ö²,M
3752,Âò,M
3753,Ý¤,M
3754,Âô,M
3755,Âó,M
3756,Âõ,M
3757,Âö,M
3758,Û½,M
3759,ò©,M
3761,Âù,M
3762,Âø,M
3763,Â÷,M
3764,Âû,M
3765,Ã¡,M
3766,÷©,M
3767,÷´,M
3768,Âú,M
3769,òý,M
3770,Âý,M
3771,Âþ,M
3772,Âü,M
3775,Ü¬,M
3776,á£,M
3777,çÏ,M
3778,ì×,M
3779,ïÜ,M
3780,Ã¦,M
3781,Ã£,M
3782,Ã¤,M
3783,Ã¢,M
3784,Ã¥,M
3785,Úø,M
3786,íË,M
3787,Ã§,M
3788,òþ,M
3789,äÝ,M
3790,Ã¨,M
3791,Ã«,M
3793,Ã¬,M
3794,Ã©,M
3795,÷Ö,M
3796,Ãª,M
3797,êó,M
3798,ì¸,M
3799,òú,M
3800,ó±,M
3801,Üâ,M
3802,Ã®,M
3803,Ã­,M
3804,á¹,M
3805,ã÷,M
3806,êÄ,M
3807,Ã°,M
3808,Ã³,M
3809,Ã±,M
3810,Ã²,M
3811,Ã¯,M
3812,ë£,M
3813,è£,M
3814,í®,M
3815,Ùó,M
3816,î¦,M
3818,÷á,M
3819,Ã»,M
3820,Ã¼,M
3821,Ã·,M
3822,Ã½,M
3823,Ã¶,M
3824,Ãº,M
3825,Ã¹,M
3826,Ãµ,M
3827,ÃÓ,M
3828,Ã¸,M
3829,Ý®,M
3830,áÒ,M
3831,äØ,M
3832,é¹,M
3833,â­,M
3834,ïÑ,M
3835,ðÌ,M
3836,ÃÀ,M
3837,Ã¿,M
3838,Ã¾,M
3839,ä¼,M
3840,ÃÃ,M
3841,÷È,M
3842,ÃÁ,M
3843,ÃÕ,M
3844,ÃÄ,M
3845,ÃÂ,M
3846,ñÇ,M
3847,ÃÆ,M
3848,ÃÅ,M
3849,ÞÑ,M
3850,îÍ,M
3852,í¯,M
3853,ìË,M
3854,ÃÇ,M
3855,ÃÉ,M
3857,ÃË,M
3858,ëü,M
3860,ÃÈ,M
3861,ÃÊ,M
3862,Þ«,M
3863,Ýù,M
3864,íæ,M
3865,òµ,M
3866,ô¿,M
3868,ÃÍ,M
3869,ÛÂ,M
3870,ãÂ,M
3871,ó·,M
3872,òì,M
3873,ÃÌ,M
3874,ô»,M
3875,ÃÎ,M
3876,ÃÏ,M
3877,ÃÐ,M
3878,ßä,M
3879,ÃÔ,M
3880,ÃÖ,M
3882,ÃÒ,M
3884,ÃÑ,M
3885,÷ç,M
3886,â¨,M
3887,ìò,M
3888,÷ã,M
3889,ÞÂ,M
3890,Ã×,M
3893,åô,M
3894,ôÍ,M
3895,ëß,M
3896,ØÂ,M
3897,ÃÜ,M
3898,ÃØ,M
3899,ÃÙ,M
3900,ÃÛ,M
3901,Ú×,M
3902,ÃÚ,M
3903,ãè,M
3904,åµ,M
3905,ÃÝ,M
3906,à×,M
3907,ôé,M
3908,ÃÞ,M
3909,Ãß,M
3910,Ãà,M
3911,Ãâ,M
3912,Ãå,M
3913,Ãã,M
3914,ëï,M
3915,Ãá,M
3916,Ãä,M
3917,äÅ,M
3918,äÏ,M
3919,ãæ,M
3920,íí,M
3921,ö¼,M
3922,Ãæ,M
3923,ß÷,M
3924,Ãè,M
3925,Ãç,M
3926,Ãé,M
3927,ðÅ,M
3928,Ãë,M
3929,Ãì,M
3930,Ãê,M
3931,ç¿,M
3932,íµ,M
3933,èÂ,M
3934,åã,M
3935,íð,M
3936,Ãî,M
3937,Ãí,M
3938,çÑ,M
3939,Ø¿,M
3940,ßã,M
3941,Ãð,M
3942,Ãï,M
3943,óú,M
3944,óº,M
3945,Ãñ,M
3946,çë,M
3947,áº,M
3948,çÅ,M
3949,çä,M
3950,Üå,M
3951,Ãô,M
3952,Ãõ,M
3953,Ãö,M
3954,ãý,M
3955,Ãó,M
3956,Ãò,M
3957,ãÉ,M
3958,íª,M
3960,÷ª,M
3961,Ãû,M
3962,Ã÷,M
3963,Ãù,M
3965,Ãú,M
3966,Ú¤,M
3967,Üø,M
3968,äé,M
3969,î¨,M
3970,êÔ,M
3971,Ãø,M
3972,õ¤,M
3973,Ãü,M
3974,Ãý,M
3976,Ãþ,M
3977,ÎÞ,M
3978,Ä£,M
3980,Ä¥,M
3983,Ä§,M
3984,Ä¤,M
3985,Ä¢,M
3986,âÉ,M
3987,Ä¡,M
3988,ÚÓ,M
3989,æÆ,M
3992,Íò,M
3993,Ä¬,M
3994,Äª,M
3995,Ä©,M
3998,Ä¯,M
3999,Ä®,M
4000,Ä«,M
4002,Ä°,M
4004,ºÙ,M
4005,Ä­,M
4006,Ýë,M
4007,ÜÔ,M
4008,ºÑ,M
4009,ï÷,M
4010,ïÒ,M
4011,éâ,M
4012,ñ¢,M
4013,ñò,M
4014,õö,M
4015,õø,M
4016,ßè,M
4017,Ä±,M
4018,Ä²,M
4019,íø,M
4021,öÊ,M
4022,òÖ,M
4023,Ù°,M
4024,Ä³,M
4026,ë¤,M
4027,Ä¸,M
4028,Ä·,M
4029,ÀÑ,M
4030,Ä¶,M
4031,Ä´,M
4032,Äµ,M
4033,Ä¿,M
4034,Ä¾,M
4035,Ä»,M
4036,Ä½,M
4037,ÄÁ,M
4038,Ä¹,M
4039,Ä¼,M
4040,Äº,M
4042,ÄÂ,M
4043,ÄÀ,M
4044,ãå,M
4045,Ûé,M
4046,ÜÙ,M
4047,Øï,M
4048,îâ,M
4049,àÅ,N
4050,ßí,N
4054,ÄÇ,N
4055,ÄÏ,N
4056,N,N
4057,ÄÃ,N
4058,ïÕ,N
4060,ÄÄ,N
4062,ÄØ,N
4063,ÄÉ,N
4064,ÄÈ,N
4065,ÄÅ,N
4066,Þà,N
4067,ÄÆ,N
4068,ëÇ,N
4069,ñÄ,N
4073,ÄË,N
4074,ÄÌ,N
4075,ÄÊ,N
4076,Üµ,N
4077,ÄÎ,N
4078,ÄÍ,N
4079,Ø¾,N
4080,Ù¦,N
4081,ÝÁ,N
4082,èÍ,N
4083,àî,N
4084,àï,N
4085,ÄÑ,N
4087,ÄÐ,N
4088,éª,N
4089,à«,N
4090,ëî,N
4091,òï,N
4092,ôö,N
4094,ÄÒ,N
4095,àì,N
4097,âÎ,N
4099,ß­,N
4100,êÙ,N
4101,Ø«,N
4102,Å¬,N
4103,ÄÓ,N
4104,ßÎ,N
4105,â®,N
4106,îó,N
4107,íÐ,N
4108,òÍ,N
4109,ÄÔ,N
4110,ÄÕ,N
4111,è§,N
4112,Ûñ,N
4113,ÄÖ,N
4114,Ä×,N
4118,Ú«,N
4122,ÄÙ,N
4124,ÄÚ,N
4125,ÄÛ,N
4126,í¥,N
4127,ÄÜ,N
4133,ÄÝ,N
4135,Äá,N
4136,Äà,N
4137,Äß,N
4138,ÄÞ,N
4139,Ûè,N
4140,â¥,N
4141,âõ,N
4142,îê,N
4143,öò,N
4144,Äã,N
4145,Äâ,N
4146,ì»,N
4147,ìò,N
4149,Äò,N
4150,Äæ,N
4151,Ää,N
4152,Äå,N
4153,êÇ,N
4154,Äç,N
4155,íþ,N
4156,í«,N
4157,Ù£,N
4158,Äè,N
4159,Äé,N
4160,Äê,N
4161,Õ³,N
4162,ð¤,N
4163,öÓ,N
4164,öó,N
4165,Äë,N
4166,Äí,N
4167,Äì,N
4168,éý,N
4169,Äî,N
4170,Ø¥,N
4171,Äð,N
4172,Ûþ,N
4173,Äï,N
4176,Äñ,N
4177,ôÁ,N
4178,æÕ,N
4179,Üà,N
4182,ëå,N
4183,Äó,N
4184,Äù,N
4185,Äô,N
4186,Äõ,N
4187,õæ,N
4188,à¿,N
4189,Äö,N
4190,Ä÷,N
4191,Äø,N
4192,Ø¿,N
4193,Úí,N
4194,ò¨,N
4195,ô«,N
4196,ÞÁ,N
4197,Äú,N
4199,Äþ,N
4200,Äý,N
4201,Å¡,N
4202,ßÌ,N
4203,Äü,N
4204,Äû,N
4205,ÜÑ,N
4206,å¸,N
4207,ñ÷,N
4211,Å¢,N
4212,Øú,N
4213,æ¤,N
4214,Å£,N
4215,Å¦,N
4216,Å¤,N
4217,Å¥,N
4218,áð,N
4219,âî,N
4220,ÞÖ,N
4221,Å©,N
4222,Å¨,N
4223,Ù¯,N
4224,ßæ,N
4225,Å§,N
4226,Åª,N
4227,ññ,N
4228,Å«,N
4229,æÛ,N
4230,æå,N
4232,åó,N
4233,æÀ,N
4234,Å­,N
4235,Å®,N
4236,îÏ,N
4237,í¤,N
4238,ô¬,N
4239,Å¯,N
4240,Å°,N
4241,Å±,N
4243,Å²,N
4244,ÙÐ,N
4245,Åµ,N
4246,Å³,N
4247,Å´,N
4248,ßö,N
4249,Þù,N
4250,ï»,N
4251,àÞ,O
4252,à¸,O
4253,O,O
4254,Å¶,O
4256,Çø,O
4257,Å·,O
4258,Å¹,O
4259,Å¸,O
4260,Ú©,O
4261,ê±,O
4262,Å½,O
4263,Å¼,O
4264,Å»,O
4265,Åº,O
4266,ñî,O
4269,âæ,O
4270,ÅÉ,P
4271,°Ç,P
4272,Å¿,P
4273,Å¾,P
4274,Ýâ,P
4275,P,P
4276,ÅÀ,P
4278,°Ò,P
4279,èË,P
4280,îÙ,P
4281,óá,P
4282,ÅÂ,P
4283,ÅÁ,P
4284,ÅÃ,P
4285,ÅÄ,P
4286,ÅÅ,P
4287,ÅÆ,P
4288,ÅÇ,P
4289,Ù½,P
4291,ÆÈ,P
4293,ÅÈ,P
4294,Ýå,P
4295,ßß,P
4296,·¬,P
4297,ÅÊ,P
4298,ÅË,P
4299,°â,P
4300,°ã,P
4301,ÅÌ,P
4302,ÅÖ,P
4303,ÅÍ,P
4304,õç,P
4305,ãÝ,P
4306,ó´,P
4307,ÅÐ,P
4308,ÅÎ,P
4309,ÅÑ,P
4310,ÅÏ,P
4311,ÞÕ,P
4312,ñá,P
4313,ñÈ,P
4314,ãú,P
4315,ÅÒ,P
4316,°ò,P
4317,äè,P
4318,ÅÔ,P
4319,ÅÓ,P
4321,°õ,P
4322,áÝ,P
4323,ó¦,P
4324,åÌ,P
4325,ÅÕ,P
4327,ÅÚ,P
4328,Å×,P
4329,ÅÝ,P
4330,ëã,P
4331,ÅÜ,P
4333,ÅÛ,P
4334,ÅÙ,P
4335,ÅØ,P
4336,áó,P
4337,ÞË,P
4338,âÒ,P
4342,ðå,P
4343,ÅÞ,P
4344,Åß,P
4345,õ¬,P
4346,Åã,P
4347,Åà,P
4348,Åâ,P
4349,Åá,P
4350,ïÂ,P
4351,Åä,P
4352,Åå,P
4353,Åæ,P
4354,àÎ,P
4355,àú,P
4356,ì·,P
4357,ö¬,P
4358,Åç,P
4359,Åè,P
4360,äÔ,P
4362,Åë,P
4363,Åê,P
4364,Åé,P
4365,Åì,P
4366,âñ,P
4367,àØ,P
4368,Åó,P
4369,Åô,P
4370,Åí,P
4371,Åï,P
4372,Åî,P
4373,Åò,P
4374,Åñ,P
4376,Åð,P
4377,Ü¡,P
4378,ó²,P
4379,Åõ,P
4380,Åö,P
4381,Åú,P
4382,»µ,P
4383,Åû,P
4384,±Ù,P
4385,Åü,P
4386,Å÷,P
4387,Åù,P
4388,àè,P
4389,Ø§,P
4390,ç¢,P
4391,Åø,P
4392,Úü,P
4393,îë,P
4394,Æ¤,P
4395,Æ£,P
4396,Æ¡,P
4397,Æ¢,P
4398,Åý,P
4399,Åþ,P
4400,Û¯,P
4401,Ü±,P
4402,ñÔ,P
4403,Ûý,P
4404,Úð,P
4405,ÜÅ,P
4406,èÁ,P
4407,î¼,P
4409,Úé,P
4410,ò·,P
4411,òç,P
4412,õù,P
4413,·ñ,P
4414,Æ¥,P
4416,Æ¦,P
4417,ñ±,P
4418,ÛÜ,P
4419,ß¨,P
4420,ßÁ,P
4421,âÏ,P
4422,Øò,P
4423,ñâ,P
4424,Æ¨,P
4426,Æ§,P
4427,Æ©,P
4428,æÇ,P
4429,äÄ,P
4430,ê¶,P
4431,î¢,P
4432,Æ¬,P
4433,Æª,P
4434,Æ«,P
4435,ôæ,P
4436,±â,P
4437,êú,P
4438,±ã,P
4439,õä,P
4440,çÂ,P
4441,ëÝ,P
4442,æé,P
4443,ÚÒ,P
4445,Æ­,P
4446,Æ¯,P
4447,Æ®,P
4448,Øâ,P
4449,çÎ,P
4450,óª,P
4451,ÆÓ,P
4452,Æ°,P
4453,æÎ,P
4455,î©,P
4457,éè,P
4458,Ý³,P
4459,Æ±,P
4461,æô,P
4462,àÑ,P
4463,Æ²,P
4464,Æ³,P
4465,ë­,P
4467,Ø¯,P
4468,ÜÖ,P
4469,Æ´,P
4471,æ°,P
4472,Æ¶,P
4473,Æµ,P
4474,æÉ,P
4475,ò­,P
4476,Æ·,P
4477,é¯,P
4478,Æ¸,P
4479,êò,P
4480,Æ¹,P
4481,æ³,P
4482,Ù·,P
4483,Æ½,P
4484,ÆÀ,P
4485,Æ¿,P
4486,Æ¾,P
4487,Æ¼,P
4488,ÆÁ,P
4489,·ë,P
4490,Æ»,P
4491,Æº,P
4492,èÒ,P
4493,öÒ,P
4494,ÆÄ,P
4495,ÆÂ,P
4496,²´,P
4498,ÆÃ,P
4500,ãø,P
4501,ê·,P
4502,îÇ,P
4503,·±,P
4504,ÆÅ,P
4505,Û¶,P
4506,ð«,P
4507,ØÏ,P
4508,îÞ,P
4509,óÍ,P
4510,ÆÆ,P
4513,ÆÇ,P
4514,ÆÉ,P
4515,çê,P
4516,ÆÊ,P
4517,Ùö,P
4518,Þå,P
4520,ÆÌ,P
4521,ÆË,P
4522,ÆÍ,P
4523,àÛ,P
4524,ÆÏ,P
4525,ÆÑ,P
4527,¸¬,P
4528,ÆÐ,P
4529,Ùé,P
4530,è±,P
4531,å§,P
4532,ÆÎ,P
4533,ïä,P
4534,ÆÕ,P
4535,±¤,P
4537,Æ×,P
4538,ÆÖ,P
4539,äß,P
4540,ÆÒ,P
4541,ÆÔ,P
4542,ë«,P
4543,ïè,P
4544,õë,P
4545,±©,P
4548,ÆØ,P
4549,ÆÙ,P
4550,ÆÚ,Q
4551,Æß,Q
4552,ÆÞ,Q
4553,ÆÛ,Q
4554,¼©,Q
4555,ÆÝ,Q
4556,Æà,Q
4557,Æá,Q
4558,ÆÜ,Q
4559,Æã,Q
4560,õè,Q
4561,àÒ,Q
4562,ÝÂ,Q
4563,éÊ,Q
4564,Æâ,Q
4565,ì¥,Q
4566,èç,Q
4567,Q,Q
4568,Æä,Q
4569,Ææ,Q
4570,Æå,Q
4571,Æë,Q
4572,Æì,Q
4573,Æï,Q
4574,Æç,Q
4575,ç÷,Q
4576,Æí,Q
4577,Æê,Q
4578,ì÷,Q
4579,Æî,Q
4580,Æé,Q
4581,çù,Q
4582,ä¿,Q
4583,áª,Q
4584,Üù,Q
4585,Ù¹,Q
4586,êÈ,Q
4587,ÜÎ,Q
4588,ñý,Q
4589,Ûß,Q
4590,æë,Q
4591,Æè,Q
4592,ØÁ,Q
4593,Ý½,Q
4594,Þ­,Q
4596,òÓ,Q
4597,òà,Q
4598,ôë,Q
4599,÷¢,Q
4600,÷è,Q
4601,Æð,Q
4602,Æó,Q
4603,Æô,Q
4604,Æñ,Q
4605,Æò,Q
4606,»ü,Q
4607,ç²,Q
4608,è½,Q
4609,Ü»,Q
4610,á¨,Q
4611,ôì,Q
4612,Æø,Q
4614,Æ÷,Q
4615,Æû,Q
4617,Æú,Q
4618,Æü,Q
4619,Æõ,Q
4620,Æù,Q
4621,Æö,Q
4622,í¬,Q
4623,ãà,Q
4624,Ø½,Q
4625,Æý,Q
4626,ÝÝ,Q
4627,íÓ,Q
4628,Æþ,Q
4629,Ù¤,Q
4630,ÝÖ,Q
4631,ñÊ,Q
4632,¿¨,Q
4633,Ç¡,Q
4634,Ç¢,Q
4635,÷Ä,Q
4636,Ç§,Q
4637,Ç©,Q
4638,Ç£,Q
4639,Ç¨,Q
4640,Ç«,Q
4641,Ç¦,Q
4642,å¹,Q
4643,ã¥,Q
4644,Ü·,Q
4645,í©,Q
4646,Úä,Q
4647,Çª,Q
4648,á©,Q
4649,Ç¤,Q
4650,ÙÝ,Q
4651,åº,Q
4652,å½,Q
4653,Ç¥,Q
4654,Ç°,Q
4655,Ç®,Q
4656,Ç±,Q
4657,Ç¬,Q
4658,ò¯,Q
4659,Ç¯,Q
4660,Þç,Q
4661,Ç­,Q
4662,Ý¡,Q
4663,îÔ,Q
4664,êù,Q
4665,óé,Q
4666,÷Ü,Q
4667,Ç³,Q
4668,Ç²,Q
4669,Ç´,Q
4670,ç×,Q
4671,ëÉ,Q
4672,Ç·,Q
4673,Ç¸,Q
4674,ÏË,Q
4675,Ç¶,Q
4676,Ù»,Q
4677,Çµ,Q
4678,Üç,Q
4679,ÜÍ,Q
4680,ã»,Q
4681,èý,Q
4682,½«,Q
4683,Ç¹,Q
4684,ÇÀ,Q
4685,Ç»,Q
4686,Çº,Q
4687,ïÏ,Q
4688,õÄ,Q
4689,Ç¼,Q
4690,ãÞ,Q
4691,ê¨,Q
4692,ïê,Q
4693,òÞ,Q
4694,ïº,Q
4695,Ç¿,Q
4696,Ç½,Q
4697,Ç¾,Q
4698,éÉ,Q
4699,æÍ,Q
4702,ñß,Q
4704,ôÇ,Q
4707,ìÁ,Q
4709,ÇÄ,Q
4710,ÇÃ,Q
4711,È¸,Q
4712,ÇÂ,Q
4713,õÎ,Q
4714,ÇÁ,Q
4715,çØ,Q
4716,íÍ,Q
4717,Øä,Q
4718,ÇÅ,Q
4719,ÇÇ,Q
4720,ÇÈ,Q
4721,ÇÆ,Q
4722,ÇÌ,Q
4723,½¶,Q
4724,ã¾,Q
4725,éÔ,Q
4726,á½,Q
4727,ÚÛ,Q
4728,Üñ,Q
4729,÷³,Q
4731,ÇÉ,Q
4733,ã¸,Q
4735,ÇÎ,Q
4736,ÇÏ,Q
4737,¿Ç,Q
4738,ÇÍ,Q
4739,ÇË,Q
4740,ÇÊ,Q
4741,Ú½,Q
4743,ÇÐ,Q
4744,ÇÑ,Q
4746,ÇÒ,Q
4748,ÇÔ,Q
4749,ÇÓ,Q
4750,ôò,Q
4751,æª,Q
4753,ã«,Q
4754,ïÆ,Q
4755,êü,Q
4756,Û§,Q
4757,óæ,Q
4759,Ç×,Q
4760,ÇÕ,Q
4761,ÇÖ,Q
4762,ôÀ,Q
4763,ÇÙ,Q
4764,ÇØ,Q
4765,ÇÚ,Q
4766,ÇÛ,Q
4767,ÇÜ,Q
4768,ñæ,Q
4769,ñû,Q
4770,ÇÝ,Q
4771,àß,Q
4772,âÛ,Q
4773,äÚ,Q
4774,éÕ,Q
4775,ï·,Q
4776,àº,Q
4777,ÜË,Q
4778,òû,Q
4779,ÇÞ,Q
4780,Çß,Q
4781,Þì,Q
4782,ßÄ,Q
4783,Çà,Q
4784,Çå,Q
4785,Çá,Q
4786,Çã,Q
4787,Çä,Q
4788,Çâ,Q
4789,òß,Q
4790,àõ,Q
4791,öë,Q
4792,Çé,Q
4793,Çç,Q
4794,Çæ,Q
4795,Çè,Q
4796,éÑ,Q
4797,÷ô,Q
4798,Çë,Q
4799,Çê,Q
4800,ö¥,Q
4801,ÜÜ,Q
4803,Çì,Q
4804,óÀ,Q
4805,íà,Q
4806,óä,Q
4808,Çî,Q
4809,Çí,Q
4810,ñ·,Q
4811,Üä,Q
4812,Úö,Q
4813,òË,Q
4814,óÌ,Q
4815,õ¼,Q
4816,öÆ,Q
4817,Çï,Q
4818,Çñ,Q
4819,Çð,Q
4820,¹ê,Q
4821,òÇ,Q
4822,öú,Q
4823,é±,Q
4824,äÐ,Q
4825,Çó,Q
4826,Çò,Q
4827,³ð,Q
4828,Çô,Q
4829,Çõ,Q
4830,ôÃ,Q
4831,ò°,Q
4832,Ù´,Q
4833,åÙ,Q
4834,êä,Q
4835,Çö,Q
4836,åÏ,Q
4837,áì,Q
4838,òø,Q
4839,ÛÏ,Q
4840,÷ü,Q
4841,ôÜ,Q
4842,Çø,Q
4843,Çú,Q
4844,Çü,Q
4845,Ç÷,Q
4846,Çý,Q
4847,Çû,Q
4848,êï,Q
4849,á«,Q
4850,òÐ,Q
4851,ìî,Q
4852,Çù,Q
4853,ôð,Q
4854,Ú°,Q
4855,÷ñ,Q
4856,Çþ,Q
4857,öÄ,Q
4858,áé,Q
4859,ñ³,Q
4860,Û¾,Q
4861,è³,Q
4862,ë¬,Q
4863,ëÔ,Q
4864,íá,Q
4865,ð¶,Q
4866,Þ¡,Q
4867,ó½,Q
4868,Þ¾,Q
4869,È¡,Q
4871,È¢,Q
4872,È£,Q
4873,ÜÄ,Q
4874,È¥,Q
4875,È¤,Q
4877,ãÖ,Q
4878,Ðç,Q
4879,È¦,Q
4880,ãª,Q
4881,È«,Q
4882,È¨,Q
4883,Èª,Q
4884,È­,Q
4885,Ú¹,Q
4886,È§,Q
4887,òé,Q
4888,Üõ,Q
4889,îý,Q
4890,È¬,Q
4891,È©,Q
4892,éú,Q
4893,óÜ,Q
4895,È®,Q
4896,ç¹,Q
4897,î°,Q
4898,È°,Q
4899,È¯,Q
4900,È±,Q
4901,ãÚ,Q
4902,È²,Q
4903,È³,Q
4904,È´,Q
4905,È·,Q
4907,È¶,Q
4908,Èµ,Q
4909,ã×,Q
4911,í¨,Q
4912,åÒ,Q
4913,Èº,Q
4914,È¹,Q
4915,÷å,Q
4916,È»,R
4917,È¼,R
4918,÷×,R
4919,òÅ,R
4920,R,R
4921,È¾,R
4922,È½,R
4923,ÜÛ,R
4924,ÈÂ,R
4925,È¿,R
4926,ìü,R
4927,ð¦,R
4929,ÈÁ,R
4930,ÈÀ,R
4932,ÈÃ,R
4933,ÈÄ,R
4934,æ¬,R
4935,èã,R
4936,Üé,R
4937,ÈÅ,R
4938,ÈÆ,R
4941,Èô,R
4942,ÈÇ,R
4943,ßö,R
4944,ÈÈ,R
4945,ÈË,R
4946,ÈÎ,R
4947,ÈÊ,R
4948,ÈÉ,R
4949,ÈÌ,R
4950,ïþ,R
4951,Üó,R
4953,ÈÏ,R
4954,ÈÍ,R
4955,ÈÐ,R
4956,ÈÒ,R
4957,â¿,R
4958,Øð,R
4959,ÝØ,R
4960,ÈÑ,R
4961,éí,R
4962,ñÅ,R
4963,ÈÓ,R
4964,ÈÔ,R
4965,ÈÕ,R
4966,ÈÝ,R
4967,ÈÙ,R
4968,ÈÚ,R
4969,ÈØ,R
4970,ÈÜ,R
4971,ÈÞ,R
4972,ÈÛ,R
4973,éÅ,R
4974,ÈÖ,R
4975,áÉ,R
4976,È×,R
4977,áõ,R
4978,ëÀ,R
4979,òî,R
4980,Èß,R
4981,Èá,R
4982,Èà,R
4983,õå,R
4984,ôÛ,R
4985,÷·,R
4986,Èâ,R
4987,Èç,R
4988,Èå,R
4989,Èã,R
4990,àé,R
4991,å¦,R
4992,Èæ,R
4993,Èä,R
4994,Þ¸,R
4995,ï¨,R
4996,ñà,R
4997,ò¬,R
4998,Èè,R
4999,Èé,R
5000,Èê,R
5001,Èë,R
5002,Èì,R
5003,çÈ,R
5004,ä²,R
5005,äá,R
5006,Ýê,R
5007,Èí,R
5008,Èî,R
5009,ëÃ,R
5010,Þ¨,R
5011,Èï,R
5012,Èð,R
5013,Èñ,R
5014,ÜÇ,R
5015,î£,R
5016,èÄ,R
5017,ò¸,R
5018,Èó,R
5019,Èò,R
5021,Èõ,R
5022,Ù¼,R
5023,óè,R
5024,Èö,S
5025,Øí,S
5026,êý,S
5027,S,S
5028,È÷,S
5030,Èø,S
5031,Ø¦,S
5032,ìª,S
5033,ëÛ,S
5034,Ë¼,S
5035,Èû,S
5036,Èù,S
5037,Èú,S
5038,àç,S
5039,Èü,S
5041,Èý,S
5042,Èþ,S
5043,ë§,S
5044,É¢,S
5045,É¡,S
5046,âÌ,S
5047,ôÖ,S
5048,ö±,S
5050,É¥,S
5051,É£,S
5052,É¤,S
5053,Þú,S
5054,íß,S
5055,òª,S
5057,É§,S
5058,É¦,S
5059,ëý,S
5060,çØ,S
5061,çÒ,S
5062,öþ,S
5063,É¨,S
5064,É©,S
5066,ÉÒ,S
5068,Ü£,S
5069,ðþ,S
5070,É«,S
5072,É¬,S
5073,Éª,S
5074,ØÄ,S
5075,ï¤,S
5076,ð£,S
5077,É­,S
5078,É®,S
5079,É±,S
5080,É³,S
5081,É²,S
5082,É´,S
5083,É¼,S
5084,É¯,S
5085,É·,S
5086,É°,S
5088,öè,S
5089,ðð,S
5090,ôÄ,S
5091,ï¡,S
5092,Éµ,S
5094,É¶,S
5095,ÏÃ,S
5097,ö®,S
5098,àÄ,S
5099,ì¦,S
5100,ßþ,S
5101,É¸,S
5102,õ§,S
5104,É¹,S
5105,É½,S
5106,ÉÀ,S
5107,É¾,S
5108,É¿,S
5109,ÉÈ,S
5110,Éº,S
5112,Õ¤,S
5113,õÇ,S
5114,æ©,S
5115,äú,S
5116,ëþ,S
5117,ÜÏ,S
5118,Ûï,S
5119,îÌ,S
5120,ô®,S
5121,É»,S
5122,÷Ô,S
5123,ÉÁ,S
5124,ÉÂ,S
5125,²ô,S
5126,µ§,S
5127,µ¥,S
5128,ÉÆ,S
5130,ìø,S
5131,ÉÃ,S
5132,ÉÅ,S
5133,Ú¨,S
5134,ÉÇ,S
5135,ÉÄ,S
5136,ÉÉ,S
5137,æÓ,S
5139,æó,S
5140,Øß,S
5142,Û·,S
5144,ðÞ,S
5145,óµ,S
5146,÷­,S
5147,ÉÌ,S
5148,ÉË,S
5149,ÌÀ,S
5150,éä,S
5151,õü,S
5152,ìØ,S
5153,ÉÊ,S
5154,ÉÏ,S
5155,ÉÍ,S
5156,ÉÎ,S
5157,Ûð,S
5159,ÉÐ,S
5160,ç´,S
5161,ÉÑ,S
5162,ÉÕ,S
5163,ÉÔ,S
5165,ÉÓ,S
5166,ÇÊ,S
5167,òÙ,S
5168,óâ,S
5169,ô¹,S
5170,É×,S
5171,ÉØ,S
5172,Üæ,S
5173,è¼,S
5174,ÉÖ,S
5175,ÉÙ,S
5177,ÉÜ,S
5178,ÕÙ,S
5180,ÉÚ,S
5181,ÉÛ,S
5183,äû,S
5184,Û¿,S
5185,ÉÝ,S
5186,ÉÞ,S
5187,â¦,S
5188,î´,S
5189,ÕÛ,S
5190,Éà,S
5191,Éß,S
5192,ÙÜ,S
5193,Éá,S
5194,Éç,S
5195,Éè,S
5197,Éæ,S
5198,Éä,S
5199,Éã,S
5200,Éâ,S
5201,Éå,S
5202,÷ê,S
5203,äÜ,S
5204,ì¨,S
5205,ØÇ,S
5206,Ë­,S
5207,Éí,S
5208,Éî,S
5209,²Î,S
5210,Éê,S
5211,Éì,S
5212,Éð,S
5213,Éë,S
5214,Ý·,S
5215,Éï,S
5216,Ú·,S
5217,Éé,S
5219,Ê²,S
5220,Éñ,S
5221,Éõ,S
5222,Éó,S
5223,Éò,S
5224,Éô,S
5225,ÚÅ,S
5226,ßÓ,S
5227,äÉ,S
5228,ïò,S
5230,É÷,S
5231,Éø,S
5232,Éö,S
5233,ò×,S
5234,ÝØ,S
5235,ëÏ,S
5236,é©,S
5237,Éú,S
5238,Éù,S
5239,Ê¤,S
5240,Éý,S
5241,Éü,S
5242,Éû,S
5243,óÏ,S
5244,Éþ,S
5245,äÅ,S
5246,Ê¡,S
5247,íò,S
5249,Ê¥,S
5250,Ê¢,S
5251,³Ë,S
5252,Ê£,S
5253,áÓ,S
5254,êÉ,S
5255,Ê¦,S
5256,Ê«,S
5257,Ê§,S
5258,Ê©,S
5259,Ê¬,S
5260,Êª,S
5261,Ê¨,S
5262,Ðê,S
5263,Ê­,S
5264,Ýé,S
5266,öõ,S
5267,Ê±,S
5268,Ê®,S
5269,Êµ,S
5271,Ê¶,S
5272,Ê³,S
5273,Ê¯,S
5274,Ê°,S
5275,Ê´,S
5276,Ûõ,S
5277,Ýª,S
5278,ìÂ,S
5279,öå,S
5280,Ê¹,S
5281,Ê¼,S
5282,Ê·,S
5283,Ê»,S
5284,Êº,S
5285,Ê¸,S
5286,õ¹,S
5287,ÊÇ,S
5288,ÊÂ,S
5289,ÊÀ,S
5290,ÊÐ,S
5291,Ê¿,S
5292,Ê½,S
5293,ÊÓ,S
5294,ËÆ,S
5295,Ê¾,S
5296,ÊÒ,S
5297,ÊÆ,S
5298,ÊÔ,S
5299,ÊÍ,S
5300,ÊÊ,S
5301,ÊÏ,S
5302,ÊÎ,S
5303,ÊÅ,S
5304,ÊÄ,S
5305,ÊÈ,S
5306,ÊÌ,S
5307,ÖÅ,S
5308,ÊË,S
5309,ÊÑ,S
5310,ÊÁ,S
5311,éø,S
5312,ÊÃ,S
5313,ÊÉ,S
5314,ß±,S
5315,ÚÖ,S
5317,êÛ,S
5318,îæ,S
5319,ó§,S
5320,óÂ,S
5321,óß,S
5322,Ö³,S
5323,³×,S
5324,ÊÕ,S
5325,Êì,S
5326,ÊÖ,S
5327,Ê×,S
5328,ÊØ,S
5329,ô¼,S
5330,ÊÜ,S
5331,ÊÚ,S
5332,ÊÛ,S
5333,ÊÝ,S
5334,ÊÙ,S
5335,ÊÞ,S
5336,á÷,S
5337,ç·,S
5338,Êé,S
5339,Êä,S
5340,Êâ,S
5341,Êæ,S
5342,Êå,S
5343,Êè,S
5344,Êã,S
5345,Êç,S
5346,Êá,S
5347,Êà,S
5348,Êß,S
5349,Ù¿,S
5350,ÝÄ,S
5351,Þó,S
5352,æ­,S
5353,ç£,S
5354,ë¨,S
5355,ì¯,S
5356,ñâ,S
5358,Êë,S
5359,Êê,S
5360,ÛÓ,S
5361,ïø,S
5362,Êý,S
5363,Êô,S
5364,Êð,S
5365,Êó,S
5366,Êí,S
5367,Êî,S
5368,Êñ,S
5369,Êò,S
5370,Êï,S
5372,Êõ,S
5373,Ê÷,S
5374,Êö,S
5375,Êø,S
5376,Êú,S
5377,Ë¡,S
5378,Êû,S
5379,Êþ,S
5380,Óá,S
5381,Êù,S
5382,Êü,S
5383,äø,S
5384,ãð,S
5385,Ø­,S
5386,ëò,S
5387,Ë¢,S
5388,à§,S
5389,Ë£,S
5391,Ë¥,S
5392,Ë¤,S
5393,Ë¦,S
5394,ÂÊ,S
5395,Ë§,S
5396,ó°,S
5397,Ë¨,S
5398,Ë©,S
5399,ãÅ,S
5400,äÌ,S
5401,Ë«,S
5402,Ëª,S
5403,æ×,S
5404,ãñ,S
5405,Ë¬,S
5407,Ë®,S
5408,Ëµ,S
5409,Ë°,S
5410,Ë¯,S
5411,Ë±,S
5412,Ë³,S
5413,Ë´,S
5414,Ë²,S
5417,Ë·,S
5418,Ë¶,S
5419,Ë¸,S
5420,îå,S
5421,åù,S
5422,Ýô,S
5423,éÃ,S
5424,Þ÷,S
5426,Ë¹,S
5427,Ë¾,S
5428,Ë½,S
5429,Ë¿,S
5430,Ëº,S
5431,ØË,S
5432,Ë»,S
5433,ð¸,S
5434,ßÐ,S
5435,äù,S
5436,çÁ,S
5437,ïÈ,S
5438,ÛÌ,S
5439,òÏ,S
5440,ËÀ,S
5441,ËÄ,S
5444,ËÂ,S
5445,ËÁ,S
5446,ËÅ,S
5447,ËÇ,S
5448,ËÃ,S
5449,ËÈ,S
5450,ìë,S
5451,æá,S
5452,ãô,S
5453,Ù¹,S
5454,ãá,S
5455,Ùî,S
5456,æ¦,S
5457,ñê,S
5458,óÓ,S
5459,²Þ,S
5460,ËÉ,S
5461,âì,S
5462,äÁ,S
5463,áÂ,S
5464,áÔ,S
5465,Ú¡,S
5466,Ý¿,S
5467,ËÊ,S
5468,ã¤,S
5469,ËË,S
5470,ñµ,S
5471,ËÍ,S
5472,ËÎ,S
5473,ËÐ,S
5474,ËÌ,S
5475,ËÏ,S
5476,ËÑ,S
5477,ËÒ,S
5478,âÈ,S
5479,à²,S
5480,äÑ,S
5481,ì¬,S
5482,ïË,S
5483,òô,S
5484,ËÓ,S
5485,ÛÅ,S
5486,Þ´,S
5487,àÕ,S
5488,î¤,S
5489,ËÔ,S
5491,ËÕ,S
5492,öÕ,S
5493,ËÖ,S
5494,Ë×,S
5495,Ëß,S
5496,ËÙ,S
5497,ËØ,S
5498,Ëà,S
5499,ËÞ,S
5500,Ëõ,S
5501,ËÜ,S
5502,ËÝ,S
5503,ËÚ,S
5504,óù,S
5505,Ùí,S
5506,à¼,S
5507,ÚÕ,S
5508,ËÛ,S
5509,ãº,S
5510,ä³,S
5511,Ýø,S
5512,ö¢,S
5513,Ëá,S
5514,â¡,S
5515,Ëã,S
5516,Ëâ,S
5517,Ëä,S
5518,Äò,S
5519,Ý´,S
5520,î¡,S
5521,íõ,S
5522,å¡,S
5523,Ëæ,S
5524,Ëì,S
5525,Ëå,S
5526,Ëç,S
5527,Ëè,S
5528,Ëê,S
5529,Ëé,S
5531,Ëî,S
5532,Ëí,S
5533,åä,S
5534,Ëë,S
5535,ìÝ,S
5536,ÚÇ,S
5537,Ëï,S
5538,Ý¥,S
5539,áø,S
5540,â¸,S
5541,Ëð,S
5542,Ëñ,S
5543,é¾,S
5544,öÀ,S
5547,Ëó,S
5548,àÂ,S
5549,Ëô,S
5551,æ¶,S
5552,íü,S
5553,èø,S
5554,àÊ,S
5555,Ëò,S
5556,ôÈ,S
5557,Ëù,S
5558,Ë÷,S
5559,Ëø,S
5560,Ëö,S
5561,ßï,S
5562,Ëû,T
5563,Ëý,T
5564,Ëü,T
5565,Ì¤,T
5566,Ëú,T
5567,åÝ,T
5568,äâ,T
5569,îè,T
5570,õÁ,T
5571,T,T
5572,Ëþ,T
5573,÷£,T
5574,Ì¡,T
5576,ÍØ,T
5577,é½,T
5578,àª,T
5579,Ì£,T
5580,í³,T
5581,Ì¢,T
5582,ãË,T
5583,äð,T
5584,Ì¨,T
5585,Ì¥,T
5586,Ì¦,T
5588,Ì§,T
5590,Û¢,T
5591,Þ·,T
5592,ææ,T
5593,ìÆ,T
5594,õÌ,T
5595,öØ,T
5596,ß¾,T
5597,Ì«,T
5598,Ì¬,T
5599,Ì©,T
5600,Ì­,T
5601,Ìª,T
5602,ëÄ,T
5603,îÑ,T
5604,Ì¯,T
5605,Ì°,T
5606,Ì²,T
5607,Ì±,T
5608,Ì®,T
5609,Ì¸,T
5610,µ¯,T
5611,Ì³,T
5612,Ì·,T
5613,Ì¶,T
5614,ñû,T
5615,Ìµ,T
5616,å£,T
5617,Ì´,T
5618,ê¼,T
5619,ïÄ,T
5620,ïâ,T
5621,Û°,T
5622,Ì¹,T
5623,Ìº,T
5624,ìþ,T
5625,Ì»,T
5626,îã,T
5627,Ì½,T
5628,Ì¾,T
5629,Ì¿,T
5630,Ì¼,T
5631,ÌÀ,T
5632,ÌË,T
5633,ï¦,T
5634,ïÛ,T
5635,ñí,T
5636,ôÊ,T
5637,ÌÃ,T
5638,ÌÆ,T
5639,ÌÇ,T
5640,ÌÅ,T
5641,ÌÁ,T
5642,ÌÄ,T
5643,ÌÂ,T
5644,äç,T
5645,ó«,T
5646,è©,T
5647,éÌ,T
5649,ó¥,T
5650,â¼,T
5651,õ±,T
5652,ÌÉ,T
5653,ÌÈ,T
5654,ÌÊ,T
5655,ÙÎ,T
5656,àû,T
5658,ÌÌ,T
5659,ÌÎ,T
5660,ÌÍ,T
5661,ÌÏ,T
5662,ß¶,T
5663,ìâ,T
5664,èº,T
5665,÷Ò,T
5666,ÌÐ,T
5667,ÌÓ,T
5668,ÌÕ,T
5669,ÌÒ,T
5670,ÌÔ,T
5671,ÌÑ,T
5672,ßû,T
5673,ä¬,T
5674,Ø»,T
5675,ÌÖ,T
5676,Ì×,T
5677,ÌØ,T
5678,ìý,T
5679,ß¯,T
5680,í«,T
5681,ï«,T
5683,ÌÚ,T
5684,ÌÛ,T
5685,ÌÙ,T
5686,ÌÜ,T
5687,ëø,T
5688,Ìå,T
5689,Ìß,T
5690,ÌÝ,T
5691,ÌÞ,T
5692,Ìà,T
5693,Ìá,T
5694,Ìâ,T
5695,Ìä,T
5696,Ìã,T
5697,õ®,T
5698,ç°,T
5699,ç¾,T
5700,ðÃ,T
5701,Üè,T
5703,Ìæ,T
5704,Ìé,T
5705,Ìê,T
5706,Ìè,T
5707,Ìë,T
5708,Ìç,T
5709,ã©,T
5710,ÙÃ,T
5711,åÑ,T
5713,ñÓ,T
5714,Ìì,T
5715,Ìí,T
5716,Ìï,T
5717,Ìî,T
5718,Ìð,T
5719,Ìñ,T
5720,µè,T
5721,ãÙ,T
5722,î±,T
5723,îä,T
5724,Ìó,T
5725,Ìò,T
5726,ãÃ,T
5727,éå,T
5728,ÞÝ,T
5729,Ìô,T
5730,Ù¬,T
5731,ìö,T
5732,Ìõ,T
5733,µ÷,T
5734,Ìö,T
5735,öæ,T
5736,Üæ,T
5737,÷Ø,T
5738,ö¶,T
5739,òè,T
5740,óÔ,T
5742,ñ»,T
5743,Ìø,T
5744,Ì÷,T
5745,ôÐ,T
5746,Ìù,T
5747,Ìû,T
5748,ÝÆ,T
5749,Ìú,T
5752,÷Ñ,T
5753,Ìý,T
5754,Ìü,T
5755,Í¡,T
5756,Ìþ,T
5757,Í£,T
5758,Í¥,T
5759,Í¤,T
5760,æÃ,T
5761,Í¢,T
5762,öª,T
5763,òÑ,T
5764,Ýã,T
5765,Üð,T
5766,Í¦,T
5767,Í§,T
5768,î®,T
5769,îú,T
5770,èè,T
5772,Í¨,T
5773,¶²,T
5774,àÌ,T
5775,Í¬,T
5776,Í¯,T
5777,Í®,T
5778,Í­,T
5779,Í©,T
5780,Í«,T
5781,Ù¡,T
5782,Íª,T
5783,¶±,T
5784,ÙÚ,T
5785,Ûí,T
5786,Üí,T
5787,á¼,T
5788,äü,T
5789,íÅ,T
5790,Í³,T
5791,Í²,T
5792,Í°,T
5793,Í±,T
5797,Í´,T
5798,âú,T
5799,Íµ,T
5800,Í·,T
5801,Í¶,T
5802,÷»,T
5803,î×,T
5804,Í¸,T
5805,Í»,T
5806,Íº,T
5807,Í¹,T
5808,Í¼,T
5809,Í¾,T
5810,Í½,T
5811,ÍÀ,T
5812,Í¿,T
5813,Ý±,T
5814,ÝË,T
5815,õ©,T
5816,ÍÁ,T
5817,ÍÂ,T
5818,îÊ,T
5820,ÍÃ,T
5821,Ü¢,T
5823,ÍÄ,T
5824,ÍÅ,T
5825,ÞÒ,T
5826,î¶,T
5827,åè,T
5828,ÍÆ,T
5830,ÍÇ,T
5831,ÍÈ,T
5832,ÍË,T
5833,ÍÊ,T
5834,ÍÉ,T
5835,ìÕ,T
5836,ÍÌ,T
5837,êÕ,T
5838,ÍÍ,T
5839,â½,T
5840,ÍÎ,T
5841,¶Ú,T
5842,ëà,T
5843,ÙÛ,T
5845,ÍÐ,T
5846,ÍÑ,T
5847,ÍÏ,T
5848,Ø±,T
5849,ÍÓ,T
5850,¶æ,T
5851,ÍÕ,T
5852,íÈ,T
5853,ÍÔ,T
5854,ãû,T
5855,õÉ,T
5856,Ûç,T
5857,ÍÒ,T
5858,éÒ,T
5859,Ù¢,T
5861,õ¢,T
5862,èÞ,T
5863,ö¾,T
5864,Í×,T
5865,ÍÖ,T
5866,âÕ,T
5867,ÆÇ,T
5869,ÍÙ,T
5870,èØ,T
5871,óê,T
5872,ÍÚ,W
5873,ÍÛ,W
5874,°¼,W
5875,æ´,W
5876,ÍÜ,W
5877,ÍÝ,W
5878,W,W
5879,ÍÞ,W
5880,Íß,W
5881,Øô,W
5883,Íà,W
5884,ëð,W
5886,Íá,W
5887,áË,W
5888,Íâ,W
5889,Íå,W
5890,Íä,W
5891,òê,W
5892,Øà,W
5893,Íã,W
5894,Íê,W
5895,Íæ,W
5896,Íç,W
5897,Íè,W
5898,æý,W
5899,Ü¹,W
5900,Íé,W
5901,Íí,W
5902,Íë,W
5903,Íì,W
5904,Íñ,W
5905,Íï,W
5906,Íð,W
5907,Ý¸,W
5908,Ãä,W
5909,îµ,W
5910,Íî,W
5911,çº,W
5912,çþ,W
5913,ëä,W
5914,ÝÒ,W
5915,Íò,W
5916,Íó,W
5917,Âû,W
5918,Íô,W
5919,ÞÌ,W
5920,Íõ,W
5921,Íü,W
5922,Íö,W
5923,Ã¢,W
5924,Íù,W
5925,Íø,W
5926,Í÷,W
5927,ã¯,W
5928,Øè,W
5929,éþ,W
5930,÷Í,W
5931,Íû,W
5935,Íú,W
5936,Íý,W
5937,Î¯,W
5938,Íþ,W
5939,Î¢,W
5940,Î£,W
5941,Î¡,W
5942,Î®,W
5943,ÙË,W
5944,Þ±,W
5945,åÔ,W
5946,ìÐ,W
5948,ÝÚ,W
5949,Úñ,W
5950,Îª,W
5951,Î¬,W
5952,Î§,W
5953,Î¨,W
5954,Î¥,W
5955,Î¤,W
5956,Î©,W
5957,á¡,W
5958,àø,W
5959,Û×,W
5960,àí,W
5961,Î«,W
5962,Î¦,W
5963,áÍ,W
5964,ãÇ,W
5965,ãí,W
5966,ä¶,W
5968,Î°,W
5970,Î²,W
5971,çâ,W
5972,Î±,W
5973,ì¿,W
5974,Î³,W
5976,æ¸,W
5977,Î­,W
5978,â«,W
5979,ðô,W
5980,è¸,W
5981,ä¢,W
5982,Úó,W
5983,ÚÃ,W
5984,ôº,W
5985,öÛ,W
5987,Î»,W
5988,Î´,W
5989,Î¶,W
5990,ÎÀ,W
5991,Î½,W
5992,ÒÅ,W
5993,Î¿,W
5994,Îº,W
5995,Îµ,W
5996,Î·,W
5997,Î¸,W
5998,Î¹,W
5999,Î¾,W
6000,Î¼,W
6001,â¬,W
6002,ê¦,W
6003,ÎÂ,W
6004,ÎÁ,W
6005,ÎÄ,W
6006,ÎÅ,W
6007,ÎÆ,W
6008,ÎÃ,W
6009,ö©,W
6010,è·,W
6011,ãÓ,W
6012,ÎÈ,W
6013,ÎÇ,W
6014,ÎÉ,W
6015,ØØ,W
6016,ÎÊ,W
6018,ãë,W
6020,ÎÌ,W
6021,ÎË,W
6022,Ýî,W
6023,ÎÍ,W
6024,Þ³,W
6025,ÎÑ,W
6026,ÎÐ,W
6027,ÎÏ,W
6028,à¸,W
6029,ÙÁ,W
6030,ÎÎ,W
6031,Ý«,W
6032,Å¶,W
6033,ÎÒ,W
6034,ÎÕ,W
6035,ÎÔ,W
6037,ä×,W
6038,ÎÖ,W
6039,ÎÓ,W
6040,á¢,W
6041,ë¿,W
6042,íÒ,W
6043,ö»,W
6044,ì¶,W
6045,¶ñ,W
6046,ÎÝ,W
6047,ÎÛ,W
6048,ÎÚ,W
6049,Î×,W
6050,ÎØ,W
6051,ÎÜ,W
6052,Ø£,W
6053,ÎÙ,W
6054,Úù,W
6055,ÛØ,W
6056,ÎÞ,W
6058,Îâ,W
6059,Îá,W
6060,Îæ,W
6061,Îã,W
6062,Îà,W
6063,ßí,W
6064,Îß,W
6065,ä´,W
6066,òÚ,W
6067,÷ù,W
6068,Îå,W
6069,Îä,W
6070,Îç,W
6071,Îè,W
6072,Îé,W
6073,Îê,W
6075,åü,W
6076,âè,W
6077,ðÄ,W
6078,êõ,W
6079,åÃ,W
6080,âÐ,W
6081,âä,W
6082,Øõ,W
6083,Îï,W
6084,Îñ,W
6085,Îó,W
6087,Îò,W
6089,Îí,W
6090,Îð,W
6091,Îë,W
6092,Îì,W
6094,Îî,W
6095,ðÍ,W
6096,ðí,W
6097,å»,W
6098,æð,W
6099,ÜÌ,W
6100,è»,W
6101,ìÉ,W
6102,Úã,W
6103,æÄ,W
6104,öÈ,W
6105,Î÷,X
6106,Ï¢,X
6107,Ï£,X
6108,Îü,X
6109,Ï§,X
6110,Ï¡,X
6111,Ï¤,X
6112,Îö,X
6113,Ï¦,X
6114,Îþ,X
6115,À°,X
6116,Îô,X
6117,Îõ,X
6118,Ùâ,X
6119,Ïª,X
6120,Îû,X
6121,Îý,X
6122,Îú,X
6123,éØ,X
6124,Ï¨,X
6125,Ï¥,X
6126,ÆÜ,X
6127,Û­,X
6128,Ï¬,X
6129,êØ,X
6130,ÞÉ,X
6131,ôË,X
6132,ßñ,X
6133,õè,X
6134,äÀ,X
6135,ðª,X
6136,Ï«,X
6137,æÒ,X
6138,Üç,X
6139,ìä,X
6140,Ï©,X
6141,ôâ,X
6142,ó¬,X
6143,ì¨,X
6144,ä»,X
6145,ÙÒ,X
6146,ñ¶,X
6147,òá,X
6148,ó£,X
6149,Ý¾,X
6150,ô¸,X
6151,Îù,X
6152,ôÑ,X
6153,Îø,X
6154,õµ,X
6155,ì¤,X
6156,÷û,X
6157,X,X
6158,Ï¯,X
6159,Ï°,X
6160,Ï®,X
6161,Ï±,X
6162,Ï­,X
6163,Úô,X
6164,êê,X
6165,Ï²,X
6166,Ï´,X
6167,ìû,X
6168,áã,X
6169,çô,X
6170,åï,X
6171,Ýß,X
6172,Ýû,X
6173,Ï³,X
6174,Ïµ,X
6175,Ï¸,X
6176,Ï·,X
6177,Ï¶,X
6178,â¾,X
6179,ãÒ,X
6180,ìù,X
6181,ôª,X
6182,Ï¹,X
6183,Ïº,X
6184,ßÈ,X
6185,Ï¿,X
6186,ÏÀ,X
6187,ÏÁ,X
6188,Ï¼,X
6189,Ï¾,X
6190,Ï½,X
6191,åÚ,X
6192,Ï»,X
6193,÷ï,X
6194,è¦,X
6195,áò,X
6196,íÌ,X
6197,ðý,X
6198,èÔ,X
6199,ÏÂ,X
6200,ÏÄ,X
6201,ÏÅ,X
6202,ÏÃ,X
6203,»£,X
6204,óÁ,X
6205,ÏÈ,X
6206,ÏÊ,X
6207,ÏÉ,X
6208,ÏÆ,X
6209,ÏË,X
6210,åß,X
6211,Ý²,X
6212,ÏÇ,X
6213,ë¯,X
6214,ìì,X
6215,ôÌ,X
6216,õ£,X
6217,õÑ,X
6218,ÏÐ,X
6219,ÏÍ,X
6220,ÏÓ,X
6221,ÏÌ,X
6222,ÏÒ,X
6223,æµ,X
6224,ÏÎ,X
6225,ÏÑ,X
6226,ÏÏ,X
6227,ðÂ,X
6228,ðï,X
6229,ÏÔ,X
6230,ÏÕ,X
6233,õÐ,X
6234,áý,X
6235,Þº,X
6237,ìÞ,X
6238,ò¹,X
6239,óÚ,X
6240,Ùþ,X
6241,ÏÖ,X
6242,¼û,X
6243,Ïß,X
6244,ÏÞ,X
6245,ÏØ,X
6246,Ï×,X
6247,ÏÜ,X
6248,ÏÝ,X
6249,ÏÛ,X
6250,ÏÚ,X
6251,ÏÙ,X
6252,á­,X
6253,ÜÈ,X
6254,ö±,X
6255,Ïà,X
6256,Ïã,X
6257,Ïç,X
6258,Ïä,X
6259,Ïá,X
6260,Ïæ,X
6261,Ïâ,X
6262,Ïå,X
6263,æø,X
6264,ÝÙ,X
6265,Ü¼,X
6266,ç½,X
6267,½µ,X
6268,Ïê,X
6269,Ïé,X
6270,Ïè,X
6271,âÔ,X
6272,Ïë,X
6273,Ïì,X
6274,Ïí,X
6275,÷Ï,X
6276,âÃ,X
6277,öß,X
6279,Ïò,X
6280,Ïó,X
6281,Ïñ,X
6282,Ïî,X
6283,Ïï,X
6284,Ïð,X
6285,ó­,X
6286,Ïû,X
6287,Ïú,X
6288,äì,X
6289,Ð¤,X
6290,Ïô,X
6291,Ïü,X
6292,Ï÷,X
6293,Ïù,X
6294,åÐ,X
6295,Ïõ,X
6296,Ïö,X
6297,Ïø,X
6298,èÉ,X
6299,æç,X
6300,óï,X
6301,èÕ,X
6302,ßØ,X
6303,òÙ,X
6304,ç¯,X
6305,÷Ì,X
6306,Ïý,X
6307,áÅ,X
6308,Ð¡,X
6309,Ïþ,X
6310,óã,X
6311,Ð¦,X
6312,Ð£,X
6313,Ð§,X
6315,Ð¢,X
6316,Ð¥,X
6317,Ð©,X
6318,Ðª,X
6319,Ð¨,X
6320,Ð«,X
6321,Ò¶,X
6322,Ð­,X
6323,Ð¬,X
6324,Ð¯,X
6325,Ð±,X
6326,Ð²,X
6327,Ð³,X
6328,Ð°,X
6329,Ð®,X
6330,ÙÉ,X
6331,ß¢,X
6332,ÛÄ,X
6333,ò¡,X
6334,çÓ,X
6335,Ð´,X
6336,Ñª,X
6338,½â,X
6339,Ð»,X
6340,Ð¹,X
6341,Æõ,X
6342,Ðµ,X
6343,Ð¼,X
6344,Ð¶,X
6345,Ð¸,X
6346,Ðº,X
6347,Ùô,X
6348,Ð·,X
6349,åâ,X
6350,é¿,X
6351,å¬,X
6352,Þ¯,X
6353,ÛÆ,X
6354,õó,X
6355,âÝ,X
6356,ç¥,X
6357,äÍ,X
6358,éÇ,X
6359,â³,X
6360,ÐÄ,X
6361,ÐÂ,X
6362,ÐÀ,X
6363,ÐÁ,X
6364,Ð½,X
6365,Ü°,X
6366,öÎ,X
6367,Ð¾,X
6368,ê¿,X
6369,ÐÃ,X
6370,ì§,X
6371,Ð¿,X
6372,Ñ°,X
6373,ïâ,X
6374,ÐÅ,X
6376,ÐÆ,X
6377,Ø¶,X
6378,ÐË,X
6379,ÐÇ,X
6380,ÐÈ,X
6381,ÐÊ,X
6382,ÐÉ,X
6383,ÐÎ,X
6384,ÐÍ,X
6385,ÐÌ,X
6386,ÐÏ,X
6387,Úê,X
6388,Üþ,X
6389,â¼,X
6390,íÊ,X
6391,ÐÐ,X
6400,Ê¡,X
6401,ÐÑ,X
6402,ß©,X
6403,ÐÔ,X
6405,ÐÕ,X
6406,ÐÒ,X
6407,ÐÓ,X
6408,ã¬,X
6409,Üô,X
6410,ÐÖ,X
6411,ÐØ,X
6412,Ð×,X
6413,ÐÙ,X
6414,ÐÚ,X
6415,Üº,X
6416,ÐÛ,X
6417,ÐÜ,X
6418,ÐÞ,X
6419,ÐÝ,X
6420,Ðß,X
6421,ßÝ,X
6422,âÊ,X
6423,âÓ,X
6424,ð¼,X
6425,õ÷,X
6426,÷Û,X
6427,ËÞ,X
6428,Ðà,X
6429,Ðã,X
6430,Ðä,X
6432,³ô,X
6433,Ðå,X
6434,Ðâ,X
6435,Ðá,X
6436,á¶,X
6437,äå,X
6438,Ðè,X
6439,Ðë,X
6440,Ðé,X
6441,Óõ,X
6442,Ðê,X
6443,Ðæ,X
6444,Ðç,X
6445,ñã,X
6446,í¹,X
6447,Û×,X
6448,íì,X
6449,çï,X
6450,Ðì,X
6451,Ðí,X
6452,ä°,X
6453,èò,X
6454,Ú¼,X
6455,ôÚ,X
6456,õ¯,X
6457,Ðø,X
6458,Ðò,X
6459,Ð÷,X
6460,Ðî,X
6461,Ðð,X
6462,Ðó,X
6463,Ðô,X
6464,Ðõ,X
6465,Ðñ,X
6466,Ðö,X
6467,Ðï,X
6468,ìã,X
6469,äª,X
6470,äÓ,X
6471,ÛÃ,X
6472,Þ£,X
6473,Ðû,X
6474,Ðú,X
6475,Ðù,X
6476,Ýæ,X
6477,êÑ,X
6478,ÚÎ,X
6479,Þï,X
6480,ÙØ,X
6481,ìÓ,X
6482,Ðý,X
6483,Ðü,X
6484,Ðþ,X
6485,äö,X
6486,è¯,X
6487,ðç,X
6488,Ñ¡,X
6489,Ñ¢,X
6491,ìÅ,X
6492,äÖ,X
6493,Ñ¤,X
6494,Ñ£,X
6495,îç,X
6496,ãù,X
6497,íÛ,X
6498,é¸,X
6499,ïà,X
6501,Ñ¥,X
6502,Ñ¦,X
6503,Ñ§,X
6504,Ñ¨,X
6505,àå,X
6506,õ½,X
6507,í´,X
6508,Ñ©,X
6509,÷¨,X
6511,ÚÊ,X
6512,Ñ¬,X
6513,Ñ«,X
6514,»ç,X
6515,õ¸,X
6516,Þ¹,X
6517,Û÷,X
6518,êÖ,X
6519,ñ¿,X
6520,â´,X
6522,Ñ¯,X
6523,Ñ²,X
6524,Ñ­,X
6525,Ñ®,X
6526,Ñ±,X
6527,Ü÷,X
6528,á¾,X
6529,ä­,X
6530,âþ,X
6531,Û¨,X
6532,ä±,X
6533,öà,X
6534,Ñµ,X
6535,Ñ¸,X
6536,Ñ¶,X
6537,Ñ·,X
6539,Ñ³,X
6540,Ùã,X
6541,áß,X
6542,Ñ´,X
6543,Þ¦,X
6544,¿£,X
6545,Ñ¹,Y
6546,ÑÅ,Y
6547,Ñ½,Y
6548,Ñº,Y
6549,Ñ»,Y
6550,ÑÆ,Y
6551,Ñ¼,Y
6552,Ñ¾,Y
6553,Ûë,Y
6554,èâ,Y
6555,Y,Y
6556,ÑÀ,Y
6557,ÑÄ,Y
6558,ÑÂ,Y
6559,Ñ¿,Y
6560,ÑÃ,Y
6561,íý,Y
6562,Øó,Y
6563,á¬,Y
6564,çð,Y
6565,ÑÁ,Y
6567,ÇÆ,Y
6568,Æ¥,Y
6569,ðé,Y
6570,ñâ,Y
6571,ÑÇ,Y
6573,ÑÈ,Y
6574,Ôþ,Y
6575,æ«,Y
6576,åÂ,Y
6577,Þë,Y
6578,ë²,Y
6579,í¼,Y
6581,ÑÌ,Y
6582,Ñà,Y
6583,ÑÊ,Y
6584,Òó,Y
6585,ÑÉ,Y
6586,ÑÍ,Y
6587,ÑË,Y
6588,ëç,Y
6589,æÌ,Y
6590,ëÙ,Y
6591,äÎ,Y
6592,ãÕ,Y
6593,Û³,Y
6594,ÝÎ,Y
6595,áÃ,Y
6596,âû,Y
6597,ÑÔ,Y
6598,ÑÏ,Y
6599,ÑÐ,Y
6600,ÑÓ,Y
6601,ÑØ,Y
6602,ÑÕ,Y
6603,Ñ×,Y
6604,ÑÖ,Y
6605,ÑÎ,Y
6606,ÑÒ,Y
6607,Ç¦,Y
6608,ÑÑ,Y
6609,éÜ,Y
6610,åû,Y
6611,óÛ,Y
6612,Ü¾,Y
6613,ãÆ,Y
6614,Úç,Y
6615,ÑÛ,Y
6616,ÑÝ,Y
6617,ÑÚ,Y
6618,ÑÜ,Y
6619,ÑÙ,Y
6620,Ù²,Y
6621,ÙÈ,Y
6622,÷Ê,Y
6623,÷ú,Y
6624,Ùð,Y
6625,Û±,Y
6626,çü,Y
6627,î»,Y
6628,ØÉ,Y
6629,Øß,Y
6630,÷ü,Y
6632,Ñé,Y
6634,Ñá,Y
6636,Ñç,Y
6638,Ñã,Y
6639,Ñæ,Y
6640,ÑÞ,Y
6641,Ñè,Y
6642,Ñå,Y
6643,ìÍ,Y
6644,êÌ,Y
6645,Ñä,Y
6646,Ñâ,Y
6647,Ñß,Y
6648,ØÍ,Y
6649,÷Ð,Y
6650,äÙ,Y
6651,õ¦,Y
6652,ÚÝ,Y
6653,Ñë,Y
6654,ãó,Y
6655,Ñí,Y
6656,Ñì,Y
6657,Ñê,Y
6658,÷±,Y
6659,Ñó,Y
6660,Ñô,Y
6661,Ñî,Y
6662,Ñï,Y
6663,Ñò,Y
6664,Ññ,Y
6665,Ñð,Y
6666,ìÈ,Y
6667,áà,Y
6668,ì¾,Y
6669,òÕ,Y
6670,Ñø,Y
6671,Ñö,Y
6672,Ñ÷,Y
6673,Ñõ,Y
6674,Ñù,Y
6675,Ñú,Y
6676,í¦,Y
6678,âó,Y
6680,Òª,Y
6681,Ô¼,Y
6682,Ñû,Y
6683,Ñü,Y
6684,Ø²,Y
6685,Ñý,Y
6686,ßº,Y
6687,çÛ,Y
6688,Ò¡,Y
6689,Ò£,Y
6690,Ò¦,Y
6691,ÌÕ,Y
6692,Ò¢,Y
6693,Ò¥,Y
6694,Ñþ,Y
6695,Ò¤,Y
6696,ëÈ,Y
6697,½Ä,Y
6698,ï¢,Y
6699,çò,Y
6700,é÷,Y
6701,Ø³,Y
6702,áæ,Y
6703,ôí,Y
6704,÷¥,Y
6705,Ò§,Y
6706,èÃ,Y
6707,ñº,Y
6708,Ò¨,Y
6709,áÊ,Y
6711,Ò©,Y
6712,Ò«,Y
6713,Ô¿,Y
6714,ðÎ,Y
6715,ê×,Y
6716,Å±,Y
6717,Ò®,Y
6718,Ò­,Y
6719,Ò¬,Y
6720,Ò´,Y
6721,Ò¯,Y
6723,Ð°,Y
6724,ÞÞ,Y
6725,îô,Y
6726,Ò²,Y
6727,Ò°,Y
6728,Ò±,Y
6729,Òµ,Y
6730,Ò¹,Y
6731,Ò¶,Y
6732,Ò³,Y
6733,Òº,Y
6735,»©,Y
6736,Ò·,Y
6737,×§,Y
6738,ìÇ,Y
6740,Ò¸,Y
6741,ÚË,Y
6742,Úþ,Y
6743,ØÌ,Y
6744,êÊ,Y
6745,Ò»,Y
6746,Ò½,Y
6747,ÒÂ,Y
6748,ÒÀ,Y
6749,ÒÎ,Y
6750,ÒÁ,Y
6751,äô,Y
6752,ßÞ,Y
6753,Ò¾,Y
6754,àæ,Y
6755,â¢,Y
6756,Ò¼,Y
6757,Ò¿,Y
6758,ì¥,Y
6759,÷ð,Y
6760,ÒÆ,Y
6761,ÒÉ,Y
6762,ÒÅ,Y
6763,ÒË,Y
6764,ÒÇ,Y
6765,Éß,Y
6766,ÒÌ,Y
6767,ÒÄ,Y
6768,âù,Y
6769,ÒÃ,Y
6770,ÒÍ,Y
6771,ß×,Y
6772,êÝ,Y
6773,åÆ,Y
6774,ðê,Y
6775,ÒÈ,Y
6776,ÒÊ,Y
6777,âÂ,Y
6778,ÛÝ,Y
6779,Üè,Y
6780,Ú±,Y
6781,íô,Y
6782,áÚ,Y
6783,ÒÔ,Y
6784,ÒÑ,Y
6786,Î²,Y
6788,ÒÓ,Y
6789,ÒÒ,Y
6790,ÒÏ,Y
6791,ÒÐ,Y
6793,¶ê,Y
6794,ì½,Y
6795,ÜÓ,Y
6796,îÆ,Y
6797,ô¯,Y
6798,ôý,Y
6799,Òâ,Y
6800,Òå,Y
6801,Òé,Y
6802,Ò×,Y
6804,ÒÕ,Y
6805,Òë,Y
6806,Òì,Y
6807,Òæ,Y
6808,Òà,Y
6809,ÒÚ,Y
6810,Òä,Y
6811,Òê,Y
6812,ÒÖ,Y
6813,Òí,Y
6814,ÒÛ,Y
6815,°¬,Y
6816,Òç,Y
6817,Òã,Y
6818,Òá,Y
6819,ÒÝ,Y
6820,éó,Y
6821,ÞÄ,Y
6822,Òî,Y
6823,Òß,Y
6824,Òï,Y
6825,Øý,Y
6826,ÞÈ,Y
6827,ìÚ,Y
6828,Òè,Y
6829,ß®,Y
6830,æä,Y
6831,Ü²,Y
6832,ß½,Y
6833,ÒÙ,Y
6834,Þ²,Y
6836,ï×,Y
6837,çË,Y
6838,ÒØ,Y
6839,ÒÜ,Y
6840,Ø×,Y
6841,ôà,Y
6842,Øî,Y
6843,á»,Y
6844,âø,Y
6845,ã¨,Y
6846,ÒÞ,Y
6847,Ù«,Y
6848,éì,Y
6849,ÞÚ,Y
6850,Ûü,Y
6851,Øæ,Y
6852,ïî,Y
6853,ðù,Y
6854,ñ¯,Y
6855,ñ´,Y
6856,òæ,Y
6857,àÉ,Y
6858,ôè,Y
6859,Òò,Y
6860,Òô,Y
6862,Òõ,Y
6863,Òö,Y
6865,Òð,Y
6866,Òñ,Y
6867,à³,Y
6869,ë³,Y
6870,Ü§,Y
6871,ä¦,Y
6872,î÷,Y
6873,Òø,Y
6874,Ò÷,Y
6875,Òú,Y
6876,Òù,Y
6877,Ûó,Y
6878,Û´,Y
6879,ö¯,Y
6880,áþ,Y
6881,â¹,Y
6882,Ûß,Y
6883,ö¸,Y
6884,Òý,Y
6885,Òþ,Y
6886,Òû,Y
6887,ñ«,Y
6889,Òü,Y
6890,ò¾,Y
6891,ßÅ,Y
6892,Ó¡,Y
6895,Ø·,Y
6896,Üá,Y
6897,ñ¿,Y
6898,Ó¦,Y
6899,Ó¢,Y
6900,Ó¥,Y
6901,Ó¤,Y
6902,Ó£,Y
6903,âß,Y
6904,Ýº,Y
6905,ó¿,Y
6906,ðÐ,Y
6907,Ó§,Y
6908,çø,Y
6909,è¬,Y
6910,Þü,Y
6911,àÓ,Y
6912,Óª,Y
6913,Ó­,Y
6914,Ó®,Y
6915,Ó¯,Y
6916,Ó¬,Y
6917,Ó¨,Y
6918,Ó«,Y
6919,Ó©,Y
6920,ÝÓ,Y
6921,å­,Y
6922,éº,Y
6923,Ùø,Y
6924,Üã,Y
6925,äÞ,Y
6926,äë,Y
6927,Üþ,Y
6928,Ýö,Y
6929,Ó°,Y
6930,Ó±,Y
6931,ò£,Y
6932,ñ¨,Y
6933,Û«,Y
6935,Ó²,Y
6936,Ó³,Y
6937,ëô,Y
6938,Óý,Y
6939,Ó´,Y
6940,à¡,Y
6942,Óµ,Y
6943,Ó¹,Y
6944,Ó¶,Y
6945,Óº,Y
6946,Ó·,Y
6947,çß,Y
6948,ïÞ,Y
6949,Ü­,Y
6950,ã¼,Y
6951,Ó¸,Y
6952,ÛÕ,Y
6953,÷«,Y
6954,÷Ó,Y
6955,à¯,Y
6956,ÓÀ,Y
6957,ÓÂ,Y
6958,Ó¿,Y
6959,Ó»,Y
6960,Ó¾,Y
6961,Ó½,Y
6962,Ù¸,Y
6963,ÓÁ,Y
6964,ð®,Y
6965,Ó¼,Y
6966,ÓÃ,Y
6968,ÓÅ,Y
6969,ÓÄ,Y
6970,ÓÇ,Y
6971,ÓÆ,Y
6972,Øü,Y
6973,ßÏ,Y
6974,ÓÉ,Y
6975,ÓÎ,Y
6976,ÓÍ,Y
6977,ÓÊ,Y
6978,ÓÈ,Y
6979,ÓÌ,Y
6980,èÖ,Y
6981,öÏ,Y
6982,Ýµ,Y
6983,ÞÌ,Y
6984,ÓË,Y
6985,éà,Y
6986,ðà,Y
6987,òÄ,Y
6988,òö,Y
6989,òø,Y
6991,Ý¯,Y
6992,ÓÐ,Y
6993,ÓÑ,Y
6994,÷î,Y
6995,ÓÏ,Y
6996,Ý¬,Y
6997,ë»,Y
6998,îð,Y
6999,ØÕ,Y
7001,ÓÖ,Y
7002,ÓÒ,Y
7003,Ó×,Y
7004,ÓÕ,Y
7005,ÓÓ,Y
7007,àó,Y
7008,÷ø,Y
7009,å¶,Y
7010,Ù§,Y
7011,òÊ,Y
7012,ÓÔ,Y
7013,ì¶,Y
7014,Óõ,Y
7015,ÓØ,Y
7016,ÓÙ,Y
7017,æú,Y
7018,ðö,Y
7019,ÓÚ,Y
7020,Óë,Y
7021,Óà,Y
7022,Óè,Y
7023,Óã,Y
7024,ÓÞ,Y
7025,Óß,Y
7026,Óé,Y
7027,Óä,Y
7028,âÅ,Y
7029,Óâ,Y
7030,Óæ,Y
7031,Óå,Y
7032,Óá,Y
7033,ÝÇ,Y
7034,è¤,Y
7035,Óç,Y
7036,Þí,Y
7037,ÓÜ,Y
7038,ÓÝ,Y
7039,Ø®,Y
7040,ÚÄ,Y
7041,ëé,Y
7042,óÄ,Y
7043,æ¥,Y
7044,ô§,Y
7045,ì£,Y
7046,êì,Y
7047,ÓÛ,Y
7048,ñ¾,Y
7049,òõ,Y
7050,áÎ,Y
7051,áü,Y
7052,ô¨,Y
7053,ö§,Y
7055,Óï,Y
7056,Óê,Y
7058,Óî,Y
7059,Óð,Y
7060,Óí,Y
7061,àô,Y
7062,Óì,Y
7063,ö¹,Y
7064,Øñ,Y
7065,àö,Y
7066,â×,Y
7067,ðõ,Y
7068,ñÁ,Y
7069,Ù¶,Y
7073,Óö,Y
7074,Óü,Y
7076,Óû,Y
7077,Ô¤,Y
7078,Óñ,Y
7079,Óú,Y
7080,¹È,Y
7081,Óò,Y
7082,Óþ,Y
7084,Îµ,Y
7085,Ô¢,Y
7086,Ô¥,Y
7087,Öà,Y
7088,Óô,Y
7089,Ó÷,Y
7090,Ô£,Y
7091,Ô¡,Y
7092,Óù,Y
7093,Ô¦,Y
7094,Î¾,Y
7095,ÚÍ,Y
7096,Ø¹,Y
7097,åý,Y
7098,Óø,Y
7099,Óó,Y
7100,êÅ,Y
7101,ìÏ,Y
7102,ìÙ,Y
7103,ìÛ,Y
7104,ÝÒ,Y
7105,Ý÷,Y
7106,âÀ,Y
7107,ãÐ,Y
7108,å÷,Y
7109,í²,Y
7110,îÚ,Y
7111,ðÁ,Y
7112,ðÖ,Y
7113,òâ,Y
7114,Ô©,Y
7115,Ô¨,Y
7116,Ô§,Y
7117,íó,Y
7118,ð°,Y
7119,óî,Y
7120,Ô±,Y
7121,Ôª,Y
7122,Ô­,Y
7123,Ô°,Y
7124,Ô´,Y
7125,Ô²,Y
7126,Ôµ,Y
7127,Ô®,Y
7128,Ô¬,Y
7129,Ô³,Y
7130,Ô«,Y
7131,Ô¯,Y
7132,ãä,Y
7133,æÂ,Y
7135,éÚ,Y
7136,à÷,Y
7137,Ü«,Y
7138,ë¼,Y
7139,ó¢,Y
7140,ö½,Y
7141,Ô¶,Y
7142,Ôº,Y
7143,Ô¸,Y
7144,Ô¹,Y
7145,Ô·,Y
7147,Þò,Y
7148,Ûù,Y
7149,è¥,Y
7151,Ô»,Y
7152,Ëµ,Y
7153,ÔÂ,Y
7154,ÀÖ,Y
7155,Ô½,Y
7156,ÔÄ,Y
7157,Ô¾,Y
7158,ÔÃ,Y
7159,ÔÀ,Y
7160,ÔÁ,Y
7162,ë¾,Y
7163,å®,Y
7164,èÝ,Y
7165,éÐ,Y
7166,Ùß,Y
7167,îá,Y
7168,ÔÎ,Y
7169,ëµ,Y
7171,ÔÆ,Y
7172,ÔÈ,Y
7173,óÞ,Y
7174,Ü¿,Y
7175,ÔÅ,Y
7176,ç¡,Y
7177,êÀ,Y
7178,ÔÇ,Y
7179,ÔÊ,Y
7180,ÔÉ,Y
7181,éæ,Y
7182,áñ,Y
7184,ÔË,Y
7185,¾ù,Y
7186,ÔÏ,Y
7188,ÔÐ,Y
7189,ÔÌ,Y
7190,ÔÍ,Y
7191,ã³,Y
7193,Û©,Y
7194,è¹,Y
7195,ã¢,Y
7196,Ôú,Z
7197,ßÆ,Z
7198,ÔÑ,Z
7199,ÞÙ,Z
7200,Z,Z
7201,ÔÓ,Z
7202,ÔÛ,Z
7203,ÔÒ,Z
7204,Õ¦,Z
7205,ÔÖ,Z
7206,ÔÕ,Z
7207,ÔÔ,Z
7208,çÞ,Z
7209,ÔØ,Z
7210,×Ð,Z
7211,Ô×,Z
7212,áÌ,Z
7213,ÔÚ,Z
7214,ÔÙ,Z
7216,ô¢,Z
7217,ôØ,Z
7219,ÔÜ,Z
7221,êÃ,Z
7222,ôõ,Z
7223,ÔÞ,Z
7224,ÔÝ,Z
7225,è¶,Z
7226,öÉ,Z
7228,Ôß,Z
7229,ê°,Z
7230,Õà,Z
7231,æà,Z
7232,²Ø,Z
7233,Ôà,Z
7234,Ôá,Z
7235,ÞÊ,Z
7236,Ôâ,Z
7237,Ôã,Z
7238,Ôä,Z
7239,Ôç,Z
7240,Ôè,Z
7241,Ôæ,Z
7242,Ôé,Z
7243,Ôå,Z
7244,çØ,Z
7245,Ôì,Z
7246,Ôî,Z
7247,Ôê,Z
7248,Ôë,Z
7249,Ôí,Z
7250,Ôï,Z
7251,ßð,Z
7252,Ôò,Z
7253,Ôð,Z
7254,Ôó,Z
7255,Ôñ,Z
7257,ßõ,Z
7258,åÅ,Z
7259,àý,Z
7260,ØÓ,Z
7261,óÐ,Z
7262,óå,Z
7263,ô·,Z
7264,²à,Z
7265,ØÆ,Z
7266,ê¾,Z
7267,Ôô,Z
7268,Ôõ,Z
7269,ÚÚ,Z
7270,Ôø,Z
7271,Ôö,Z
7272,Ô÷,Z
7273,çÕ,Z
7274,îÀ,Z
7275,Ôù,Z
7276,×Û,Z
7278,êµ,Z
7279,ï­,Z
7280,²é,Z
7283,Ôü,Z
7284,Ôû,Z
7285,Þê,Z
7286,é«,Z
7287,ßî,Z
7288,ß¸,Z
7289,÷þ,Z
7290,Õ¨,Z
7292,Ôý,Z
7293,à©,Z
7294,Ôþ,Z
7295,Õ¢,Z
7296,Õ¡,Z
7297,Õ£,Z
7298,íÄ,Z
7301,Õ©,Z
7302,Õ§,Z
7303,À¯,Z
7304,Õ¤,Z
7305,Õ¥,Z
7306,×õ,Z
7308,ßå,Z
7309,ðä,Z
7310,òÆ,Z
7311,Õª,Z
7313,Õ«,Z
7315,Õ¬,Z
7316,µÔ,Z
7317,Õ­,Z
7318,Õ®,Z
7319,¼À,Z
7320,Õ¯,Z
7321,íÎ,Z
7322,ñ©,Z
7323,Õ¼,Z
7324,Õ´,Z
7325,Õ³,Z
7326,Õ°,Z
7327,Õ²,Z
7328,Õ±,Z
7329,ÚÞ,Z
7330,ì¹,Z
7331,Õ¹,Z
7332,Õ¶,Z
7333,Õ·,Z
7334,Õµ,Z
7335,Õ¸,Z
7336,Þø,Z
7337,Õ½,Z
7338,Õ¾,Z
7340,²ü,Z
7341,ÕÀ,Z
7342,Õ¿,Z
7343,Õº,Z
7344,Õ»,Z
7345,ÕÅ,Z
7346,ÕÂ,Z
7347,ÕÃ,Z
7348,è°,Z
7349,ó¯,Z
7350,ÕÁ,Z
7351,ÕÄ,Z
7352,æÑ,Z
7353,Ûµ,Z
7354,â¯,Z
7355,³¤,Z
7356,ÕÆ,Z
7357,ÕÇ,Z
7358,Øë,Z
7359,ÕÉ,Z
7361,ÕÊ,Z
7362,ÕÏ,Z
7363,ÕË,Z
7364,ÕÍ,Z
7365,ÕÌ,Z
7366,ÕÈ,Z
7367,ÕÎ,Z
7368,áÖ,Z
7369,á¤,Z
7370,×Å,Z
7371,ÕÐ,Z
7372,³¯,Z
7373,³°,Z
7374,ÕÑ,Z
7375,îÈ,Z
7376,ßú,Z
7378,ÕÒ,Z
7379,×¦,Z
7380,ÕÓ,Z
7381,ÕÕ,Z
7382,ÕÔ,Z
7383,ÕÙ,Z
7384,ÕÖ,Z
7385,Õ×,Z
7386,ÕØ,Z
7387,Ú¯,Z
7388,èþ,Z
7389,óÉ,Z
7390,ÕÛ,Z
7391,ÕÚ,Z
7392,òØ,Z
7394,ÕÜ,Z
7395,ÕÞ,Z
7396,éü,Z
7397,ÚØ,Z
7398,ÕÝ,Z
7399,ß¡,Z
7400,íÝ,Z
7402,Õß,Z
7403,ñÞ,Z
7405,ô÷,Z
7406,Õâ,Z
7407,Õã,Z
7408,Õá,Z
7409,ðÑ,Z
7410,èÏ,Z
7413,Õæ,Z
7414,Õë,Z
7415,Õä,Z
7416,Õå,Z
7417,Õê,Z
7418,Õì,Z
7419,Õç,Z
7420,Õé,Z
7421,óð,Z
7422,Õè,Z
7423,èå,Z
7424,äÚ,Z
7425,Ýè,Z
7426,é©,Z
7427,é»,Z
7428,ëÓ,Z
7429,ìõ,Z
7430,ä¥,Z
7431,Õï,Z
7432,Õí,Z
7433,Õî,Z
7434,çÇ,Z
7435,î³,Z
7436,éô,Z
7437,ð¡,Z
7438,Õó,Z
7439,Õò,Z
7440,Õð,Z
7441,ÛÚ,Z
7442,Õñ,Z
7443,êâ,Z
7444,ëÞ,Z
7445,ð²,Z
7446,Õý,Z
7447,Õù,Z
7448,Õ÷,Z
7449,¶¡,Z
7450,Õõ,Z
7451,Ö¢,Z
7452,Õö,Z
7453,áç,Z
7454,Õô,Z
7455,Õú,Z
7456,óÝ,Z
7457,ï£,Z
7458,á¿,Z
7459,Õø,Z
7460,îÛ,Z
7461,öë,Z
7462,Õû,Z
7463,Õü,Z
7464,Õþ,Z
7466,Ö¤,Z
7468,Ö£,Z
7472,Úº,Z
7473,Ö¡,Z
7474,Ö®,Z
7475,Ö»,Z
7476,Öª,Z
7477,Ö¸,Z
7478,Ö§,Z
7479,Ö¯,Z
7480,ÊÏ,Z
7481,Ö¦,Z
7482,Ö­,Z
7483,ÖÀ,Z
7484,Ö¥,Z
7485,Ö¨,Z
7486,Ö«,Z
7487,Ö¬,Z
7488,Ö©,Z
7489,èÙ,Z
7490,Ø´,Z
7491,ëÕ,Z
7492,ìó,Z
7493,Ö±,Z
7495,Ö°,Z
7496,Öµ,Z
7497,Ö´,Z
7498,Ö²,Z
7499,Ö³,Z
7500,Ö¶,Z
7501,õÜ,Z
7502,Þý,Z
7503,ôê,Z
7504,õÅ,Z
7505,Ûú,Z
7508,Ö½,Z
7509,Ö¹,Z
7510,Ö·,Z
7511,Ö¼,Z
7513,Öº,Z
7514,åë,Z
7515,ÜÆ,Z
7516,è×,Z
7517,ìí,Z
7518,éò,Z
7519,íé,Z
7520,õ¥,Z
7522,ÖÁ,Z
7523,ÖÆ,Z
7524,Ê¶,Z
7525,ÖÎ,Z
7526,Ö¾,Z
7527,ÖÂ,Z
7528,ÖÊ,Z
7529,ÖÇ,Z
7530,ÖÃ,Z
7531,ÖÈ,Z
7532,ÖÍ,Z
7533,ÖÄ,Z
7534,ÖÉ,Z
7535,Ö¿,Z
7537,ÖÅ,Z
7538,ÖÏ,Z
7539,ÖË,Z
7540,ÖÌ,Z
7541,èÎ,Z
7542,èä,Z
7543,àù,Z
7544,éù,Z
7545,êÞ,Z
7546,ðë,Z
7547,õô,Z
7548,Úì,Z
7549,âå,Z
7550,åé,Z
7551,ëù,Z
7552,ïô,Z
7553,ðº,Z
7554,æï,Z
7555,òÎ,Z
7556,õÙ,Z
7557,Û¤,Z
7558,ö£,Z
7559,ÖÐ,Z
7560,ÖÕ,Z
7561,ÖÓ,Z
7562,ÖÒ,Z
7563,ÖÔ,Z
7564,ïñ,Z
7565,ÖÑ,Z
7566,âì,Z
7567,ó®,Z
7568,ô±,Z
7569,ÖÖ,Z
7570,Ö×,Z
7571,õà,Z
7572,Ú£,Z
7575,ÖØ,Z
7576,ÖÚ,Z
7577,ÖÙ,Z
7578,ÖÜ,Z
7579,ÖÝ,Z
7580,ÖÞ,Z
7581,Öà,Z
7582,ÖÛ,Z
7583,Öß,Z
7585,Öá,Z
7586,æ¨,Z
7587,íØ,Z
7588,Öâ,Z
7589,Öã,Z
7590,Öå,Z
7591,Öè,Z
7593,Öæ,Z
7594,Öä,Z
7595,Öç,Z
7596,ëÐ,Z
7597,æû,Z
7598,ç§,Z
7599,Ý§,Z
7600,ô¦,Z
7601,ôí,Z
7602,ôü,Z
7603,Öî,Z
7604,Öì,Z
7605,Öé,Z
7606,Öí,Z
7607,Öê,Z
7608,Öë,Z
7609,ä¨,Z
7610,Öï,Z
7611,îù,Z
7612,Üï,Z
7613,Û¥,Z
7614,äó,Z
7615,éÆ,Z
7616,éÍ,Z
7617,Ùª,Z
7618,Êõ,Z
7619,Öð,Z
7620,Öþ,Z
7621,Öñ,Z
7622,Öò,Z
7623,õî,Z
7624,óÃ,Z
7625,ô¶,Z
7626,ðñ,Z
7627,Ö÷,Z
7628,Êô,Z
7629,Öó,Z
7630,Öö,Z
7631,Öõ,Z
7632,Öô,Z
7633,ñÒ,Z
7634,ä¾,Z
7635,÷æ,Z
7636,×¡,Z
7637,×¢,Z
7638,Öú,Z
7639,Öø,Z
7640,×¤,Z
7641,×£,Z
7643,Öù,Z
7644,Öý,Z
7645,Øù,Z
7646,Öü,Z
7647,óç,Z
7648,ìÄ,Z
7649,Öû,Z
7650,èÌ,Z
7651,ôã,Z
7652,ÜÑ,Z
7653,ðæ,Z
7654,×¥,Z
7655,ÎÎ,Z
7657,×§,Z
7658,×ª,Z
7659,Ò·,Z
7661,àÜ,Z
7662,×¨,Z
7663,×©,Z
7664,ò§,Z
7666,´«,Z
7668,×¬,Z
7669,×«,Z
7670,ãç,Z
7671,×­,Z
7672,ßù,Z
7673,âÍ,Z
7674,×°,Z
7675,×¯,Z
7676,×±,Z
7677,×®,Z
7679,×´,Z
7680,×³,Z
7681,×²,Z
7682,´±,Z
7683,Ù×,Z
7684,í°,Z
7685,×·,Z
7686,×¶,Z
7687,ö¿,Z
7688,×µ,Z
7689,æí,Z
7690,×¹,Z
7691,×º,Z
7692,×¸,Z
7693,ã·,Z
7694,çÄ,Z
7695,ÍÍ,Z
7696,×»,Z
7697,ëÆ,Z
7698,ñ¸,Z
7699,×¼,Z
7700,×À,Z
7701,×½,Z
7702,×¿,Z
7703,×¾,Z
7704,äÃ,Z
7705,ìÌ,Z
7706,Ù¾,Z
7709,×Á,Z
7710,½É,Z
7711,×Æ,Z
7712,×Ã,Z
7713,×Ç,Z
7714,åª,Z
7715,×Â,Z
7716,×Ä,Z
7717,í½,Z
7718,ïí,Z
7719,ÚÂ,Z
7720,ìú,Z
7721,ßª,Z
7722,ä·,Z
7723,×Ê,Z
7724,×É,Z
7725,×Ì,Z
7727,×Ë,Z
7729,×È,Z
7730,×Î,Z
7731,ÚÑ,Z
7732,ßÚ,Z
7733,ö·,Z
7734,ïÅ,Z
7735,ê¢,Z
7736,×Í,Z
7737,÷Ú,Z
7738,êß,Z
7739,æÜ,Z
7740,ôÒ,Z
7741,ôô,Z
7742,õþ,Z
7743,ö¤,Z
7744,ç»,Z
7745,öö,Z
7746,áÑ,Z
7747,×Ó,Z
7748,×Ï,Z
7750,è÷,Z
7751,æ¢,Z
7752,×Ñ,Z
7753,×Ò,Z
7754,ïö,Z
7755,óÊ,Z
7756,ñè,Z
7757,Üë,Z
7759,×Ô,Z
7760,×Ö,Z
7761,×Õ,Z
7762,í§,Z
7763,íö,Z
7764,×Ú,Z
7765,×Ù,Z
7767,×Ø,Z
7768,××,Z
7769,èÈ,Z
7770,ëê,Z
7771,×Ü,Z
7772,ÙÌ,Z
7773,×Ý,Z
7774,ôÕ,Z
7775,×Þ,Z
7776,ÚÁ,Z
7777,Úî,Z
7778,Û¸,Z
7779,æã,Z
7780,öí,Z
7781,×ß,Z
7782,×à,Z
7783,×á,Z
7784,×â,Z
7785,ÝÏ,Z
7786,×ã,Z
7787,×å,Z
7788,×ä,Z
7789,ïß,Z
7790,×é,Z
7791,×æ,Z
7792,×è,Z
7793,×ç,Z
7794,ÙÞ,Z
7795,×ê,Z
7796,õò,Z
7797,×ë,Z
7798,çÚ,Z
7801,ß¬,Z
7802,¶Ñ,Z
7803,×ì,Z
7804,¾×,Z
7806,×î,Z
7807,×ï,Z
7808,×í,Z
7809,Þ©,Z
7810,×ð,Z
7811,×ñ,Z
7812,é×,Z
7813,÷®,Z
7814,ß¤,Z
7815,×÷,Z
7818,×ò,Z
7821,×ó,Z
7822,×ô,Z
7823,´é,Z
7825,×ö,Z
7826,×ø,Z
7827,×ù,Z
7830,âô,Z
7831,ëÑ,Z
7832,Úè,Z
7833,ßò,Z
7834,ìñ,Z
7835,õ¡,Z
7836,*,*
