股票代码,股票名称,拼音简写
000001.SZ,平安银行,"['PAYH', 'PAYX']"
000002.SZ,万科A,"['MKA', 'WKA']"
000004.SZ,国农科技,['GNKJ']
000005.SZ,世纪星源,['SJXY']
000006.SZ,深振业A,['SZYA']
000007.SZ,全新好,['QXH']
000008.SZ,神州高铁,['SZGT']
000009.SZ,中国宝安,['ZGBA']
000010.SZ,美丽生态,['MLST']
000011.SZ,深物业A,['SWYA']
000012.SZ,南玻A,['NBA']
000014.SZ,沙河股份,['SHGF']
000016.SZ,深康佳A,['SKJA']
000017.SZ,深中华A,['SZHA']
000018.SZ,神州长城,"['SZCC', 'SZZC']"
000019.SZ,深深宝A,['SSBA']
000020.SZ,深华发A,['SHFA']
000021.SZ,深科技,['SKJ']
000022.SZ,深赤湾A,['SCWA']
000023.SZ,深天地A,['STDA']
000025.SZ,特力A,['TLA']
000026.SZ,飞亚达A,['FYDA']
000027.SZ,深圳能源,['SZNY']
000028.SZ,国药一致,['GYYZ']
000029.SZ,深深房A,['SSFA']
000030.SZ,富奥股份,['FAGF']
000031.SZ,中粮地产,['ZLDC']
000032.SZ,深桑达A,['SSDA']
000033.SZ,*ST新都,['*STXD']
000034.SZ,神州数码,['SZSM']
000035.SZ,中国天楹,['ZGTY']
000036.SZ,华联控股,['HLKG']
000037.SZ,*ST南电A,['*STNDA']
000038.SZ,深大通,['SDT']
000039.SZ,中集集团,['ZJJT']
000040.SZ,宝安地产,['BADC']
000042.SZ,中洲控股,['ZZKG']
000043.SZ,中航地产,['ZHDC']
000045.SZ,深纺织A,['SFZA']
000046.SZ,泛海控股,['FHKG']
000048.SZ,康达尔,['KDE']
000049.SZ,德赛电池,['DSDC']
000050.SZ,深天马A,['STMA']
000055.SZ,方大集团,['FDJT']
000056.SZ,皇庭国际,['HTGJ']
000058.SZ,深赛格,['SSG']
000059.SZ,华锦股份,['HJGF']
000060.SZ,中金岭南,['ZJLN']
000061.SZ,农产品,['NCP']
000062.SZ,深圳华强,"['SZHJ', 'SZHQ']"
000063.SZ,中兴通讯,['ZXTX']
000065.SZ,北方国际,['BFGJ']
000066.SZ,长城电脑,"['CCDN', 'ZCDN']"
000068.SZ,华控赛格,['HKSG']
000069.SZ,华侨城A,['HQCA']
000070.SZ,特发信息,['TFXX']
000078.SZ,海王生物,['HWSW']
000088.SZ,盐田港,['YTG']
000089.SZ,深圳机场,['SZJC']
000090.SZ,天健集团,['TJJT']
000096.SZ,广聚能源,"['AJNY', 'GJNY']"
000099.SZ,中信海直,['ZXHZ']
000100.SZ,TCL集团,['TCLJT']
000150.SZ,宜华健康,['YHJK']
000151.SZ,中成股份,['ZCGF']
000153.SZ,丰原药业,['FYYY']
000155.SZ,*ST川化,['*STCH']
000156.SZ,华数传媒,"['HSCM', 'HSZM']"
000157.SZ,中联重科,"['ZLCK', 'ZLZK']"
000158.SZ,常山股份,['CSGF']
000159.SZ,国际实业,['GJSY']
000166.SZ,申万宏源,"['SMHY', 'SWHY']"
000301.SZ,东方市场,['DFSC']
000333.SZ,美的集团,['MDJT']
000338.SZ,潍柴动力,['WCDL']
000400.SZ,许继电气,['XJDQ']
000401.SZ,冀东水泥,['JDSN']
000402.SZ,金融街,['JRJ']
000403.SZ,ST生化,['STSH']
000404.SZ,华意压缩,['HYYS']
000407.SZ,胜利股份,['SLGF']
000408.SZ,*ST金源,['*STJY']
000409.SZ,山东地矿,['SDDK']
000410.SZ,沈阳机床,"['CYJC', 'SYJC']"
000411.SZ,英特集团,['YTJT']
000413.SZ,东旭光电,['DXGD']
000415.SZ,渤海金控,['BHJK']
000416.SZ,民生控股,['MSKG']
000417.SZ,合肥百货,"['GFBH', 'HFBH']"
000418.SZ,小天鹅A,['XTEA']
000419.SZ,通程控股,['TCKG']
000420.SZ,吉林化纤,"['JLHQ', 'JLHX']"
000421.SZ,南京中北,['NJZB']
000422.SZ,湖北宜化,['HBYH']
000423.SZ,东阿阿胶,"['DAAJ', 'DEAJ', 'DAEJ', 'DEEJ']"
000425.SZ,徐工机械,['XGJX']
000426.SZ,兴业矿业,['XYKY']
000428.SZ,华天酒店,['HTJD']
000429.SZ,粤高速A,['YGSA']
000430.SZ,张家界,['ZJJ']
000488.SZ,晨鸣纸业,['CMZY']
000498.SZ,山东路桥,['SDLQ']
000501.SZ,鄂武商A,['EWSA']
000502.SZ,绿景控股,['LJKG']
000503.SZ,海虹控股,"['HHKG', 'HJKG']"
000504.SZ,*ST生物,['*STSW']
000505.SZ,*ST珠江,['*STZJ']
000506.SZ,中润资源,['ZRZY']
000507.SZ,珠海港,['ZHG']
000509.SZ,华塑控股,['HSKG']
000510.SZ,金路集团,['JLJT']
000511.SZ,*ST烯碳,['*STXT']
000513.SZ,丽珠集团,['LZJT']
000514.SZ,渝开发,['YKF']
000516.SZ,国际医学,['GJYX']
000517.SZ,荣安地产,['RADC']
000518.SZ,四环生物,['SHSW']
000519.SZ,江南红箭,"['JNGJ', 'JNHJ']"
000520.SZ,长航凤凰,"['CHFH', 'ZHFH']"
000521.SZ,美菱电器,['MLDQ']
000523.SZ,广州浪奇,"['AZLJ', 'GZLJ', 'AZLQ', 'GZLQ']"
000524.SZ,岭南控股,['LNKG']
000525.SZ,红太阳,"['GTY', 'HTY']"
000526.SZ,银润投资,['YRTZ']
000528.SZ,柳工,['LG']
000529.SZ,广弘控股,"['AHKG', 'GHKG']"
000530.SZ,大冷股份,['DLGF']
000531.SZ,穗恒运A,['SHYA']
000532.SZ,力合股份,"['LGGF', 'LHGF']"
000533.SZ,万家乐,"['MJL', 'WJL', 'MJY', 'WJY']"
000534.SZ,万泽股份,"['MZGF', 'WZGF']"
000536.SZ,华映科技,['HYKJ']
000537.SZ,广宇发展,"['AYFZ', 'GYFZ']"
000538.SZ,云南白药,['YNBY']
000539.SZ,粤电力A,['YDLA']
000540.SZ,中天城投,['ZTCT']
000541.SZ,佛山照明,['FSZM']
000543.SZ,皖能电力,['WNDL']
000544.SZ,中原环保,['ZYHB']
000545.SZ,金浦钛业,['JPTY']
000546.SZ,金圆股份,['JYGF']
000547.SZ,航天发展,['HTFZ']
000548.SZ,湖南投资,['HNTZ']
000550.SZ,江铃汽车,['JLQC']
000551.SZ,创元科技,['CYKJ']
000552.SZ,靖远煤电,['JYMD']
000553.SZ,沙隆达A,['SLDA']
000554.SZ,泰山石油,"['TSDY', 'TSSY']"
000555.SZ,神州信息,['SZXX']
000557.SZ,西部创业,['XBCY']
000558.SZ,莱茵体育,['LYTY']
000559.SZ,万向钱潮,"['MXQC', 'WXQC']"
000560.SZ,昆百大A,['KBDA']
000561.SZ,烽火电子,['FHDZ']
000563.SZ,陕国投A,['SGTA']
000564.SZ,西安民生,['XAMS']
000565.SZ,渝三峡A,['YSXA']
000566.SZ,海南海药,['HNHY']
000567.SZ,海德股份,['HDGF']
000568.SZ,泸州老窖,['LZLJ']
000570.SZ,苏常柴A,['SCCA']
000571.SZ,新大洲A,['XDZA']
000572.SZ,海马汽车,['HMQC']
000573.SZ,粤宏远A,['YHYA']
000576.SZ,广东甘化,"['ADGH', 'GDGH']"
000581.SZ,威孚高科,['WFGK']
000582.SZ,北部湾港,['BBWG']
000584.SZ,友利控股,['YLKG']
000585.SZ,东北电气,['DBDQ']
000586.SZ,汇源通信,['HYTX']
000587.SZ,金洲慈航,['JZCH']
000589.SZ,黔轮胎A,['QLTA']
000590.SZ,启迪古汉,['QDGH']
000591.SZ,太阳能,['TYN']
000592.SZ,平潭发展,['PTFZ']
000593.SZ,大通燃气,['DTRQ']
000595.SZ,宝塔实业,"['BDSY', 'BTSY']"
000596.SZ,古井贡酒,['GJGJ']
000597.SZ,东北制药,['DBZY']
000598.SZ,兴蓉环境,['XRHJ']
000599.SZ,青岛双星,['QDSX']
000600.SZ,建投能源,['JTNY']
000601.SZ,韶能股份,['SNGF']
000603.SZ,盛达矿业,"['CDKY', 'SDKY']"
000605.SZ,渤海股份,['BHGF']
000606.SZ,*ST明胶,['*STMJ']
000607.SZ,华媒控股,['HMKG']
000608.SZ,阳光股份,['YGGF']
000609.SZ,绵世股份,['MSGF']
000610.SZ,西安旅游,['XALY']
000611.SZ,*ST蒙发,['*STMF']
000612.SZ,焦作万方,"['JZMF', 'JZWF']"
000613.SZ,大东海A,['DDHA']
000615.SZ,京汉股份,['JHGF']
000616.SZ,海航投资,['HHTZ']
000617.SZ,*ST济柴,['*STJC']
000619.SZ,海螺型材,['HLXC']
000620.SZ,新华联,['XHL']
000622.SZ,*ST恒立,['*STHL']
000623.SZ,吉林敖东,['JLAD']
000625.SZ,长安汽车,"['CAQC', 'ZAQC']"
000626.SZ,如意集团,['RYJT']
000627.SZ,天茂集团,['TMJT']
000628.SZ,高新发展,['GXFZ']
000629.SZ,*ST钒钛,['*STFT']
000630.SZ,铜陵有色,['TLYS']
000631.SZ,顺发恒业,['SFHY']
000632.SZ,三木集团,['SMJT']
000633.SZ,*ST合金,"['*STGJ', '*STHJ']"
000635.SZ,英力特,['YLT']
000636.SZ,风华高科,['FHGK']
000637.SZ,茂化实华,['MHSH']
000638.SZ,万方发展,"['MFFZ', 'WFFZ']"
000639.SZ,西王食品,['XWSP']
000650.SZ,仁和药业,['RHYY']
000651.SZ,格力电器,['GLDQ']
000652.SZ,泰达股份,['TDGF']
000655.SZ,金岭矿业,['JLKY']
000656.SZ,金科股份,['JKGF']
000657.SZ,中钨高新,['ZWGX']
000659.SZ,珠海中富,['ZHZF']
000661.SZ,长春高新,"['CCGX', 'ZCGX']"
000662.SZ,天夏智慧,['TXZH']
000663.SZ,永安林业,['YALY']
000665.SZ,湖北广电,"['HBAD', 'HBGD']"
000666.SZ,经纬纺机,['JWFJ']
000667.SZ,美好集团,['MHJT']
000668.SZ,荣丰控股,['RFKG']
000669.SZ,金鸿能源,['JHNY']
000670.SZ,*ST盈方,['*STYF']
000671.SZ,阳光城,['YGC']
000672.SZ,上峰水泥,['SFSN']
000673.SZ,当代东方,['DDDF']
000676.SZ,智度投资,['ZDTZ']
000677.SZ,恒天海龙,['HTHL']
000678.SZ,襄阳轴承,['XYZC']
000679.SZ,大连友谊,['DLYY']
000680.SZ,山推股份,['STGF']
000681.SZ,视觉中国,['SJZG']
000682.SZ,东方电子,['DFDZ']
000683.SZ,远兴能源,['YXNY']
000685.SZ,中山公用,['ZSGY']
000686.SZ,东北证券,['DBZQ']
000687.SZ,华讯方舟,['HXFZ']
000688.SZ,建新矿业,['JXKY']
000690.SZ,宝新能源,['BXNY']
000691.SZ,ST亚太,['STYT']
000692.SZ,惠天热电,['HTRD']
000693.SZ,ST华泽,['STHZ']
000695.SZ,滨海能源,['BHNY']
000697.SZ,炼石有色,"['LDYS', 'LSYS']"
000698.SZ,沈阳化工,"['CYHG', 'SYHG']"
000700.SZ,模塑科技,['MSKJ']
000701.SZ,厦门信达,"['SMXD', 'XMXD']"
000702.SZ,正虹科技,"['ZHKJ', 'ZJKJ']"
000703.SZ,恒逸石化,"['HYDH', 'HYSH']"
000705.SZ,浙江震元,['ZJZY']
000707.SZ,双环科技,['SHKJ']
000708.SZ,大冶特钢,['DYTG']
000709.SZ,河钢股份,['HGGF']
000710.SZ,天兴仪表,['TXYB']
000711.SZ,京蓝科技,['JLKJ']
000712.SZ,锦龙股份,['JLGF']
000713.SZ,丰乐种业,"['FLCY', 'FYCY', 'FLZY', 'FYZY']"
000715.SZ,中兴商业,['ZXSY']
000716.SZ,黑芝麻,['HZM']
000717.SZ,*ST韶钢,['*STSG']
000718.SZ,苏宁环球,['SNHQ']
000719.SZ,大地传媒,"['DDCM', 'DDZM']"
000720.SZ,新能泰山,['XNTS']
000721.SZ,西安饮食,['XAYS']
000722.SZ,湖南发展,['HNFZ']
000723.SZ,美锦能源,['MJNY']
000725.SZ,京东方A,['JDFA']
000726.SZ,鲁泰A,['LTA']
000727.SZ,华东科技,['HDKJ']
000728.SZ,国元证券,['GYZQ']
000729.SZ,燕京啤酒,['YJPJ']
000731.SZ,四川美丰,['SCMF']
000732.SZ,泰禾集团,['THJT']
000733.SZ,振华科技,['ZHKJ']
000735.SZ,罗牛山,['LNS']
000736.SZ,中房地产,['ZFDC']
000737.SZ,南风化工,['NFHG']
000738.SZ,中航动控,['ZHDK']
000739.SZ,普洛药业,['PLYY']
000748.SZ,长城信息,"['CCXX', 'ZCXX']"
000750.SZ,国海证券,['GHZQ']
000751.SZ,锌业股份,['XYGF']
000752.SZ,西藏发展,"['XCFZ', 'XZFZ']"
000753.SZ,漳州发展,['ZZFZ']
000755.SZ,山西三维,['SXSW']
000756.SZ,新华制药,['XHZY']
000757.SZ,浩物股份,['HWGF']
000758.SZ,中色股份,['ZSGF']
000759.SZ,中百集团,['ZBJT']
000760.SZ,斯太尔,['STE']
000761.SZ,本钢板材,['BGBC']
000762.SZ,西藏矿业,"['XCKY', 'XZKY']"
000766.SZ,通化金马,['THJM']
000767.SZ,漳泽电力,['ZZDL']
000768.SZ,中航飞机,['ZHFJ']
000776.SZ,广发证券,"['AFZQ', 'GFZQ']"
000777.SZ,中核科技,['ZHKJ']
000778.SZ,新兴铸管,['XXZG']
000779.SZ,三毛派神,['SMPS']
000780.SZ,平庄能源,['PZNY']
000782.SZ,美达股份,['MDGF']
000783.SZ,长江证券,"['CJZQ', 'ZJZQ']"
000785.SZ,武汉中商,['WHZS']
000786.SZ,北新建材,['BXJC']
000788.SZ,北大医药,['BDYY']
000789.SZ,万年青,"['MNQ', 'WNQ']"
000790.SZ,华神集团,['HSJT']
000791.SZ,甘肃电投,['GSDT']
000792.SZ,盐湖股份,['YHGF']
000793.SZ,华闻传媒,"['HWCM', 'HWZM']"
000795.SZ,英洛华,['YLH']
000796.SZ,凯撒旅游,['KSLY']
000797.SZ,中国武夷,['ZGWY']
000798.SZ,中水渔业,['ZSYY']
000799.SZ,酒鬼酒,['JGJ']
000800.SZ,一汽轿车,['YQJC']
000801.SZ,四川九洲,['SCJZ']
000802.SZ,北京文化,['BJWH']
000803.SZ,金宇车城,['JYCC']
000806.SZ,银河生物,['YHSW']
000807.SZ,云铝股份,['YLGF']
000809.SZ,铁岭新城,['TLXC']
000810.SZ,创维数字,['CWSZ']
000811.SZ,烟台冰轮,['YTBL']
000812.SZ,陕西金叶,"['SXJX', 'SXJY']"
000813.SZ,天山纺织,['TSFZ']
000815.SZ,美利纸业,['MLZY']
000816.SZ,智慧农业,['ZHNY']
000818.SZ,方大化工,['FDHG']
000819.SZ,岳阳兴长,"['YYXC', 'YYXZ']"
000820.SZ,金城股份,['JCGF']
000821.SZ,京山轻机,['JSQJ']
000822.SZ,山东海化,['SDHH']
000823.SZ,超声电子,['CSDZ']
000825.SZ,太钢不锈,['TGBX']
000826.SZ,启迪桑德,['QDSD']
000828.SZ,东莞控股,"['DGKG', 'DWKG']"
000829.SZ,天音控股,['TYKG']
000830.SZ,鲁西化工,['LXHG']
000831.SZ,*ST五稀,['*STWX']
000833.SZ,贵糖股份,['GTGF']
000835.SZ,长城动漫,"['CCDM', 'ZCDM']"
000836.SZ,鑫茂科技,['XMKJ']
000837.SZ,秦川机床,['QCJC']
000838.SZ,财信发展,['CXFZ']
000839.SZ,中信国安,['ZXGA']
000848.SZ,承德露露,['CDLL']
000850.SZ,华茂股份,['HMGF']
000851.SZ,高鸿股份,['GHGF']
000852.SZ,石化机械,"['DHJX', 'SHJX']"
000856.SZ,*ST冀装,['*STJZ']
000858.SZ,五粮液,['WLY']
000859.SZ,国风塑业,['GFSY']
000860.SZ,顺鑫农业,['SXNY']
000861.SZ,海印股份,['HYGF']
000862.SZ,银星能源,['YXNY']
000863.SZ,三湘股份,['SXGF']
000868.SZ,安凯客车,['AKKC']
000869.SZ,张裕A,['ZYA']
000875.SZ,吉电股份,['JDGF']
000876.SZ,新希望,['XXW']
000877.SZ,天山股份,['TSGF']
000878.SZ,云南铜业,['YNTY']
000880.SZ,潍柴重机,"['WCCJ', 'WCZJ']"
000881.SZ,大连国际,['DLGJ']
000882.SZ,华联股份,['HLGF']
000883.SZ,湖北能源,['HBNY']
000885.SZ,同力水泥,['TLSN']
000886.SZ,海南高速,['HNGS']
000887.SZ,中鼎股份,['ZDGF']
000888.SZ,峨眉山A,['EMSA']
000889.SZ,茂业通信,['MYTX']
000890.SZ,法尔胜,['FES']
000892.SZ,星美联合,"['XMLG', 'XMLH']"
000893.SZ,东凌国际,['DLGJ']
000895.SZ,双汇发展,['SHFZ']
000897.SZ,津滨发展,['JBFZ']
000898.SZ,鞍钢股份,['AGGF']
000899.SZ,赣能股份,['GNGF']
000900.SZ,现代投资,['XDTZ']
000901.SZ,航天科技,['HTKJ']
000902.SZ,新洋丰,['XYF']
000903.SZ,云内动力,['YNDL']
000905.SZ,厦门港务,"['SMGW', 'XMGW']"
000906.SZ,物产中拓,['WCZT']
000908.SZ,景峰医药,['JFYY']
000909.SZ,数源科技,['SYKJ']
000910.SZ,大亚科技,['DYKJ']
000911.SZ,南宁糖业,['NNTY']
000912.SZ,泸天化,['LTH']
000913.SZ,*ST钱江,['*STQJ']
000915.SZ,山大华特,['SDHT']
000916.SZ,华北高速,['HBGS']
000917.SZ,电广传媒,"['DACM', 'DGCM', 'DAZM', 'DGZM']"
000918.SZ,嘉凯城,['JKC']
000919.SZ,金陵药业,['JLYY']
000920.SZ,南方汇通,['NFHT']
000921.SZ,海信科龙,['HXKL']
000922.SZ,佳电股份,['JDGF']
000923.SZ,河北宣工,['HBXG']
000925.SZ,众合科技,"['ZGKJ', 'ZHKJ']"
000926.SZ,福星股份,['FXGF']
000927.SZ,一汽夏利,['YQXL']
000928.SZ,中钢国际,['ZGGJ']
000929.SZ,兰州黄河,['LZHH']
000930.SZ,中粮生化,['ZLSH']
000931.SZ,中关村,['ZGC']
000932.SZ,华菱钢铁,['HLGT']
000933.SZ,*ST神火,['*STSH']
000935.SZ,四川双马,['SCSM']
000936.SZ,华西股份,['HXGF']
000937.SZ,冀中能源,['JZNY']
000938.SZ,紫光股份,['ZGGF']
000939.SZ,凯迪生态,['KDST']
000948.SZ,南天信息,['NTXX']
000949.SZ,新乡化纤,"['XXHQ', 'XXHX']"
000950.SZ,*ST建峰,['*STJF']
000951.SZ,中国重汽,"['ZGCQ', 'ZGZQ']"
000952.SZ,广济药业,"['AJYY', 'GJYY']"
000953.SZ,河池化工,['HCHG']
000955.SZ,欣龙控股,['XLKG']
000957.SZ,中通客车,['ZTKC']
000958.SZ,东方能源,['DFNY']
000959.SZ,首钢股份,['SGGF']
000960.SZ,锡业股份,['XYGF']
000961.SZ,中南建设,['ZNJS']
000962.SZ,*ST东钽,['*STDT']
000963.SZ,华东医药,['HDYY']
000965.SZ,天保基建,['TBJJ']
000966.SZ,长源电力,"['CYDL', 'ZYDL']"
000967.SZ,盈峰环境,['YFHJ']
000968.SZ,*ST煤气,['*STMQ']
000969.SZ,安泰科技,['ATKJ']
000970.SZ,中科三环,['ZKSH']
000971.SZ,高升控股,['GSKG']
000972.SZ,中基健康,['ZJJK']
000973.SZ,佛塑科技,['FSKJ']
000975.SZ,银泰资源,['YTZY']
000976.SZ,春晖股份,['CHGF']
000977.SZ,浪潮信息,['LCXX']
000978.SZ,桂林旅游,['GLLY']
000979.SZ,中弘股份,['ZHGF']
000980.SZ,金马股份,['JMGF']
000981.SZ,银亿股份,['YYGF']
000982.SZ,中银绒业,['ZYRY']
000983.SZ,西山煤电,['XSMD']
000985.SZ,大庆华科,['DQHK']
000987.SZ,广州友谊,"['AZYY', 'GZYY']"
000988.SZ,华工科技,['HGKJ']
000989.SZ,九芝堂,['JZT']
000990.SZ,诚志股份,['CZGF']
000993.SZ,闽东电力,['MDDL']
000995.SZ,*ST皇台,['*STHT']
000996.SZ,中国中期,"['ZGZJ', 'ZGZQ']"
000997.SZ,新大陆,['XDL']
000998.SZ,隆平高科,['LPGK']
000999.SZ,华润三九,['HRSJ']
001696.SZ,宗申动力,['ZSDL']
001896.SZ,豫能控股,['YNKG']
001979.SZ,招商蛇口,"['ZSSK', 'ZSYK']"
002001.SZ,新和成,['XHC']
002002.SZ,鸿达兴业,['HDXY']
002003.SZ,伟星股份,['WXGF']
002004.SZ,华邦健康,['HBJK']
002005.SZ,德豪润达,['DHRD']
002006.SZ,精功科技,['JGKJ']
002007.SZ,华兰生物,['HLSW']
002008.SZ,大族激光,['DZJG']
002009.SZ,天奇股份,"['TJGF', 'TQGF']"
002010.SZ,传化股份,"['CHGF', 'ZHGF']"
002011.SZ,盾安环境,['DAHJ']
002012.SZ,凯恩股份,['KEGF']
002013.SZ,中航机电,['ZHJD']
002014.SZ,永新股份,['YXGF']
002015.SZ,霞客环保,['XKHB']
002016.SZ,世荣兆业,['SRZY']
002017.SZ,东信和平,['DXHP']
002018.SZ,华信国际,['HXGJ']
002019.SZ,亿帆鑫富,['YFXF']
002020.SZ,京新药业,['JXYY']
002021.SZ,中捷资源,['ZJZY']
002022.SZ,科华生物,['KHSW']
002023.SZ,海特高新,['HTGX']
002024.SZ,苏宁云商,['SNYS']
002025.SZ,航天电器,['HTDQ']
002026.SZ,山东威达,['SDWD']
002027.SZ,分众传媒,"['FZCM', 'FZZM']"
002028.SZ,思源电气,['SYDQ']
002029.SZ,七匹狼,"['QPL', 'QYL']"
002030.SZ,达安基因,['DAJY']
002031.SZ,巨轮智能,['JLZN']
002032.SZ,苏泊尔,"['SBE', 'SPE']"
002033.SZ,丽江旅游,['LJLY']
002034.SZ,美欣达,['MXD']
002035.SZ,华帝股份,['HDGF']
002036.SZ,联创电子,['LCDZ']
002037.SZ,久联发展,['JLFZ']
002038.SZ,双鹭药业,['SLYY']
002039.SZ,黔源电力,['QYDL']
002040.SZ,南京港,['NJG']
002041.SZ,登海种业,"['DHCY', 'DHZY']"
002042.SZ,华孚色纺,['HFSF']
002043.SZ,兔宝宝,['TBB']
002044.SZ,美年健康,['MNJK']
002045.SZ,国光电器,['GGDQ']
002046.SZ,轴研科技,['ZYKJ']
002047.SZ,宝鹰股份,['BYGF']
002048.SZ,宁波华翔,['NBHX']
002049.SZ,同方国芯,['TFGX']
002050.SZ,三花股份,['SHGF']
002051.SZ,中工国际,['ZGGJ']
002052.SZ,同洲电子,['TZDZ']
002053.SZ,云南盐化,['YNYH']
002054.SZ,德美化工,['DMHG']
002055.SZ,得润电子,['DRDZ']
002056.SZ,横店东磁,['HDDC']
002057.SZ,中钢天源,['ZGTY']
002058.SZ,威尔泰,['WET']
002059.SZ,云南旅游,['YNLY']
002060.SZ,粤水电,['YSD']
002061.SZ,*ST江化,['*STJH']
002062.SZ,宏润建设,['HRJS']
002063.SZ,远光软件,['YGRJ']
002064.SZ,华峰氨纶,"['HFAG', 'HFAL']"
002065.SZ,东华软件,['DHRJ']
002066.SZ,瑞泰科技,['RTKJ']
002067.SZ,景兴纸业,['JXZY']
002068.SZ,黑猫股份,['HMGF']
002069.SZ,*ST獐岛,['*STZD']
002070.SZ,众和股份,['ZHGF']
002071.SZ,长城影视,"['CCYS', 'ZCYS']"
002072.SZ,凯瑞德,['KRD']
002073.SZ,软控股份,['RKGF']
002074.SZ,国轩高科,['GXGK']
002075.SZ,沙钢股份,['SGGF']
002076.SZ,雪莱特,['XLT']
002077.SZ,大港股份,['DGGF']
002078.SZ,太阳纸业,['TYZY']
002079.SZ,苏州固锝,['SZGD']
002080.SZ,中材科技,['ZCKJ']
002081.SZ,金螳螂,['JTL']
002082.SZ,栋梁新材,['DLXC']
002083.SZ,孚日股份,['FRGF']
002084.SZ,海鸥卫浴,['HOWY']
002085.SZ,万丰奥威,"['MFAW', 'WFAW']"
002086.SZ,东方海洋,['DFHY']
002087.SZ,新野纺织,['XYFZ']
002088.SZ,鲁阳节能,['LYJN']
002089.SZ,新海宜,['XHY']
002090.SZ,金智科技,['JZKJ']
002091.SZ,江苏国泰,['JSGT']
002092.SZ,中泰化学,['ZTHX']
002093.SZ,国脉科技,['GMKJ']
002094.SZ,青岛金王,['QDJW']
002095.SZ,生意宝,['SYB']
002096.SZ,南岭民爆,['NLMB']
002097.SZ,山河智能,['SHZN']
002098.SZ,浔兴股份,['XXGF']
002099.SZ,海翔药业,['HXYY']
002100.SZ,天康生物,['TKSW']
002101.SZ,广东鸿图,"['ADHT', 'GDHT']"
002102.SZ,冠福股份,['GFGF']
002103.SZ,广博股份,"['ABGF', 'GBGF']"
002104.SZ,恒宝股份,['HBGF']
002105.SZ,信隆实业,['XLSY']
002106.SZ,莱宝高科,['LBGK']
002107.SZ,沃华医药,['WHYY']
002108.SZ,沧州明珠,['CZMZ']
002109.SZ,*ST兴化,['*STXH']
002110.SZ,三钢闽光,['SGMG']
002111.SZ,威海广泰,"['WHAT', 'WHGT']"
002112.SZ,三变科技,['SBKJ']
002113.SZ,天润控股,['TRKG']
002114.SZ,罗平锌电,['LPXD']
002115.SZ,三维通信,['SWTX']
002116.SZ,中国海诚,['ZGHC']
002117.SZ,东港股份,['DGGF']
002118.SZ,紫鑫药业,['ZXYY']
002119.SZ,康强电子,"['KJDZ', 'KQDZ']"
002120.SZ,新海股份,['XHGF']
002121.SZ,科陆电子,['KLDZ']
002122.SZ,天马股份,['TMGF']
002123.SZ,荣信股份,['RXGF']
002124.SZ,天邦股份,['TBGF']
002125.SZ,湘潭电化,['XTDH']
002126.SZ,银轮股份,['YLGF']
002127.SZ,南极电商,['NJDS']
002128.SZ,露天煤业,['LTMY']
002129.SZ,中环股份,['ZHGF']
002130.SZ,沃尔核材,['WEHC']
002131.SZ,利欧股份,['LOGF']
002132.SZ,恒星科技,['HXKJ']
002133.SZ,广宇集团,"['AYJT', 'GYJT']"
002134.SZ,天津普林,['TJPL']
002135.SZ,东南网架,['DNWJ']
002136.SZ,安纳达,['AND']
002137.SZ,麦达数字,['MDSZ']
002138.SZ,顺络电子,['SLDZ']
002139.SZ,拓邦股份,['TBGF']
002140.SZ,东华科技,['DHKJ']
002141.SZ,蓉胜超微,['RSCW']
002142.SZ,宁波银行,"['NBYH', 'NBYX']"
002143.SZ,印纪传媒,"['YJCM', 'YJZM']"
002144.SZ,宏达高科,['HDGK']
002145.SZ,中核钛白,['ZHTB']
002146.SZ,荣盛发展,"['RCFZ', 'RSFZ']"
002147.SZ,新光圆成,['XGYC']
002148.SZ,北纬通信,['BWTX']
002149.SZ,西部材料,['XBCL']
002150.SZ,通润装备,['TRZB']
002151.SZ,北斗星通,['BDXT']
002152.SZ,广电运通,"['ADYT', 'GDYT']"
002153.SZ,石基信息,"['DJXX', 'SJXX']"
002154.SZ,报喜鸟,"['BXD', 'BXN']"
002155.SZ,湖南黄金,['HNHJ']
002156.SZ,通富微电,['TFWD']
002157.SZ,正邦科技,['ZBKJ']
002158.SZ,汉钟精机,['HZJJ']
002159.SZ,三特索道,['STSD']
002160.SZ,常铝股份,['CLGF']
002161.SZ,远望谷,"['YWG', 'YWY']"
002162.SZ,悦心健康,['YXJK']
002163.SZ,中航三鑫,['ZHSX']
002164.SZ,宁波东力,['NBDL']
002165.SZ,红宝丽,"['GBL', 'HBL']"
002166.SZ,莱茵生物,['LYSW']
002167.SZ,东方锆业,['DFGY']
002168.SZ,深圳惠程,['SZHC']
002169.SZ,智光电气,['ZGDQ']
002170.SZ,芭田股份,['BTGF']
002171.SZ,楚江新材,['CJXC']
002172.SZ,澳洋科技,['AYKJ']
002173.SZ,*ST千足,['*STQZ']
002174.SZ,游族网络,['YZWL']
002175.SZ,东方网络,['DFWL']
002176.SZ,江特电机,['JTDJ']
002177.SZ,御银股份,['YYGF']
002178.SZ,延华智能,['YHZN']
002179.SZ,中航光电,['ZHGD']
002180.SZ,艾派克,"['APK', 'YPK']"
002181.SZ,粤传媒,"['YCM', 'YZM']"
002182.SZ,云海金属,"['YHJS', 'YHJZ']"
002183.SZ,怡亚通,['YYT']
002184.SZ,海得控制,['HDKZ']
002185.SZ,华天科技,['HTKJ']
002186.SZ,全聚德,['QJD']
002187.SZ,广百股份,"['ABGF', 'GBGF']"
002188.SZ,巴士在线,['BSZX']
002189.SZ,利达光电,['LDGD']
002190.SZ,成飞集成,['CFJC']
002191.SZ,劲嘉股份,['JJGF']
002192.SZ,融捷股份,['RJGF']
002193.SZ,山东如意,['SDRY']
002194.SZ,武汉凡谷,"['WHFG', 'WHFY']"
002195.SZ,二三四五,['ESSW']
002196.SZ,方正电机,['FZDJ']
002197.SZ,证通电子,['ZTDZ']
002198.SZ,嘉应制药,['JYZY']
002199.SZ,*ST东晶,['*STDJ']
002200.SZ,云投生态,['YTST']
002201.SZ,九鼎新材,['JDXC']
002202.SZ,金风科技,['JFKJ']
002203.SZ,海亮股份,['HLGF']
002204.SZ,大连重工,"['DLCG', 'DLZG']"
002205.SZ,国统股份,['GTGF']
002206.SZ,海利得,['HLD']
002207.SZ,准油股份,['ZYGF']
002208.SZ,合肥城建,"['GFCJ', 'HFCJ']"
002209.SZ,达意隆,['DYL']
002210.SZ,飞马国际,['FMGJ']
002211.SZ,宏达新材,['HDXC']
002212.SZ,南洋股份,['NYGF']
002213.SZ,特尔佳,['TEJ']
002214.SZ,大立科技,['DLKJ']
002215.SZ,诺普信,['NPX']
002216.SZ,三全食品,['SQSP']
002217.SZ,合力泰,"['GLT', 'HLT']"
002218.SZ,拓日新能,['TRXN']
002219.SZ,恒康医疗,['HKYL']
002220.SZ,天宝股份,['TBGF']
002221.SZ,东华能源,['DHNY']
002222.SZ,福晶科技,['FJKJ']
002223.SZ,鱼跃医疗,['YYYL']
002224.SZ,三力士,['SLS']
002225.SZ,濮耐股份,['PNGF']
002226.SZ,江南化工,['JNHG']
002227.SZ,奥特迅,['ATX']
002228.SZ,合兴包装,"['GXBZ', 'HXBZ']"
002229.SZ,鸿博股份,['HBGF']
002230.SZ,科大讯飞,['KDXF']
002231.SZ,奥维通信,['AWTX']
002232.SZ,启明信息,['QMXX']
002233.SZ,塔牌集团,"['DPJT', 'TPJT']"
002234.SZ,民和股份,['MHGF']
002235.SZ,安妮股份,['ANGF']
002236.SZ,大华股份,['DHGF']
002237.SZ,恒邦股份,['HBGF']
002238.SZ,天威视讯,['TWSX']
002239.SZ,奥特佳,['ATJ']
002240.SZ,威华股份,['WHGF']
002241.SZ,歌尔声学,['GESX']
002242.SZ,九阳股份,['JYGF']
002243.SZ,通产丽星,['TCLX']
002244.SZ,滨江集团,['BJJT']
002245.SZ,澳洋顺昌,['AYSC']
002246.SZ,北化股份,['BHGF']
002247.SZ,帝龙新材,['DLXC']
002248.SZ,华东数控,['HDSK']
002249.SZ,大洋电机,['DYDJ']
002250.SZ,联化科技,['LHKJ']
002251.SZ,步步高,['BBG']
002252.SZ,上海莱士,['SHLS']
002253.SZ,川大智胜,['CDZS']
002254.SZ,泰和新材,['THXC']
002255.SZ,海陆重工,"['HLCG', 'HLZG']"
002256.SZ,彩虹精化,"['CHJH', 'CJJH']"
002258.SZ,利尔化学,['LEHX']
002259.SZ,升达林业,['SDLY']
002260.SZ,德奥通航,['DATH']
002261.SZ,拓维信息,['TWXX']
002262.SZ,恩华药业,['EHYY']
002263.SZ,大东南,['DDN']
002264.SZ,新华都,['XHD']
002265.SZ,西仪股份,['XYGF']
002266.SZ,浙富控股,['ZFKG']
002267.SZ,陕天然气,['STRQ']
002268.SZ,卫士通,['WST']
002269.SZ,美邦服饰,['MBFS']
002270.SZ,法因数控,['FYSK']
002271.SZ,东方雨虹,"['DFYH', 'DFYJ']"
002272.SZ,川润股份,['CRGF']
002273.SZ,水晶光电,['SJGD']
002274.SZ,华昌化工,['HCHG']
002275.SZ,桂林三金,['GLSJ']
002276.SZ,万马股份,"['MMGF', 'WMGF']"
002277.SZ,友阿股份,"['YAGF', 'YEGF']"
002278.SZ,神开股份,['SKGF']
002279.SZ,久其软件,"['JJRJ', 'JQRJ']"
002280.SZ,联络互动,['LLHD']
002281.SZ,光迅科技,['GXKJ']
002282.SZ,博深工具,['BSGJ']
002283.SZ,天润曲轴,['TRQZ']
002284.SZ,亚太股份,['YTGF']
002285.SZ,世联行,"['SLH', 'SLX']"
002286.SZ,保龄宝,['BLB']
002287.SZ,奇正藏药,"['JZCY', 'QZCY', 'JZZY', 'QZZY']"
002288.SZ,超华科技,['CHKJ']
002289.SZ,*ST宇顺,['*STYS']
002290.SZ,禾盛新材,"['HCXC', 'HSXC']"
002291.SZ,星期六,"['XJL', 'XQL']"
002292.SZ,奥飞娱乐,"['AFYL', 'AFYY']"
002293.SZ,罗莱生活,['LLSH']
002294.SZ,信立泰,['XLT']
002295.SZ,精艺股份,['JYGF']
002296.SZ,辉煌科技,['HHKJ']
002297.SZ,博云新材,['BYXC']
002298.SZ,中电鑫龙,['ZDXL']
002299.SZ,圣农发展,['SNFZ']
002300.SZ,太阳电缆,['TYDL']
002301.SZ,齐心集团,"['JXJT', 'QXJT']"
002302.SZ,西部建设,['XBJS']
002303.SZ,美盈森,['MYS']
002304.SZ,洋河股份,['YHGF']
002305.SZ,南国置业,['NGZY']
002306.SZ,中科云网,['ZKYW']
002307.SZ,北新路桥,['BXLQ']
002308.SZ,威创股份,['WCGF']
002309.SZ,中利科技,['ZLKJ']
002310.SZ,东方园林,['DFYL']
002311.SZ,海大集团,['HDJT']
002312.SZ,三泰控股,['STKG']
002313.SZ,日海通讯,['RHTX']
002314.SZ,南山控股,['NSKG']
002315.SZ,焦点科技,['JDKJ']
002316.SZ,键桥通讯,['JQTX']
002317.SZ,众生药业,['ZSYY']
002318.SZ,久立特材,['JLTC']
002319.SZ,乐通股份,"['LTGF', 'YTGF']"
002320.SZ,海峡股份,['HXGF']
002321.SZ,华英农业,['HYNY']
002322.SZ,理工环科,['LGHK']
002323.SZ,雅百特,['YBT']
002324.SZ,普利特,['PLT']
002325.SZ,洪涛股份,['HTGF']
002326.SZ,永太科技,['YTKJ']
002327.SZ,富安娜,['FAN']
002328.SZ,新朋股份,['XPGF']
002329.SZ,皇氏集团,"['HSJT', 'HZJT']"
002330.SZ,得利斯,['DLS']
002331.SZ,皖通科技,['WTKJ']
002332.SZ,仙琚制药,['XJZY']
002333.SZ,罗普斯金,['LPSJ']
002334.SZ,英威腾,['YWT']
002335.SZ,科华恒盛,"['KHHC', 'KHHS']"
002336.SZ,*ST人乐,"['*STRL', '*STRY']"
002337.SZ,赛象科技,['SXKJ']
002338.SZ,奥普光电,['APGD']
002339.SZ,积成电子,['JCDZ']
002340.SZ,格林美,['GLM']
002341.SZ,新纶科技,"['XGKJ', 'XLKJ']"
002342.SZ,巨力索具,['JLSJ']
002343.SZ,慈文传媒,"['CWCM', 'CWZM']"
002344.SZ,海宁皮城,['HNPC']
002345.SZ,潮宏基,['CHJ']
002346.SZ,柘中股份,['ZZGF']
002347.SZ,泰尔重工,"['TECG', 'TEZG']"
002348.SZ,高乐股份,"['GLGF', 'GYGF']"
002349.SZ,精华制药,['JHZY']
002350.SZ,北京科锐,['BJKR']
002351.SZ,漫步者,['MBZ']
002352.SZ,鼎泰新材,['DTXC']
002353.SZ,杰瑞股份,['JRGF']
002354.SZ,天神娱乐,"['TSYL', 'TSYY']"
002355.SZ,兴民钢圈,"['XMGJ', 'XMGQ']"
002356.SZ,赫美集团,['HMJT']
002357.SZ,富临运业,['FLYY']
002358.SZ,森源电气,['SYDQ']
002359.SZ,齐星铁塔,"['JXTD', 'QXTD', 'JXTT', 'QXTT']"
002360.SZ,同德化工,['TDHG']
002361.SZ,神剑股份,['SJGF']
002362.SZ,汉王科技,['HWKJ']
002363.SZ,隆基机械,['LJJX']
002364.SZ,中恒电气,['ZHDQ']
002365.SZ,永安药业,['YAYY']
002366.SZ,台海核电,['THHD']
002367.SZ,康力电梯,['KLDT']
002368.SZ,太极股份,['TJGF']
002369.SZ,卓翼科技,['ZYKJ']
002370.SZ,亚太药业,['YTYY']
002371.SZ,七星电子,['QXDZ']
002372.SZ,伟星新材,['WXXC']
002373.SZ,千方科技,['QFKJ']
002374.SZ,丽鹏股份,['LPGF']
002375.SZ,亚厦股份,"['YSGF', 'YXGF']"
002376.SZ,新北洋,['XBY']
002377.SZ,国创高新,['GCGX']
002378.SZ,章源钨业,['ZYWY']
002379.SZ,*ST鲁丰,['*STLF']
002380.SZ,科远股份,['KYGF']
002381.SZ,双箭股份,['SJGF']
002382.SZ,蓝帆医疗,['LFYL']
002383.SZ,合众思壮,"['GZSZ', 'HZSZ']"
002384.SZ,东山精密,['DSJM']
002385.SZ,大北农,['DBN']
002386.SZ,天原集团,['TYJT']
002387.SZ,黑牛食品,['HNSP']
002388.SZ,新亚制程,['XYZC']
002389.SZ,南洋科技,['NYKJ']
002390.SZ,信邦制药,['XBZY']
002391.SZ,长青股份,"['CQGF', 'ZQGF']"
002392.SZ,北京利尔,['BJLE']
002393.SZ,力生制药,['LSZY']
002394.SZ,联发股份,['LFGF']
002395.SZ,双象股份,['SXGF']
002396.SZ,星网锐捷,['XWRJ']
002397.SZ,梦洁家纺,['MJJF']
002398.SZ,建研集团,['JYJT']
002399.SZ,海普瑞,['HPR']
002400.SZ,省广股份,"['SAGF', 'XAGF', 'SGGF', 'XGGF']"
002401.SZ,中海科技,['ZHKJ']
002402.SZ,和而泰,['HET']
002403.SZ,爱仕达,['ASD']
002404.SZ,嘉欣丝绸,['JXSC']
002405.SZ,四维图新,['SWTX']
002406.SZ,远东传动,"['YDCD', 'YDZD']"
002407.SZ,多氟多,['DFD']
002408.SZ,齐翔腾达,"['JXTD', 'QXTD']"
002409.SZ,雅克科技,['YKKJ']
002410.SZ,广联达,"['ALD', 'GLD']"
002411.SZ,必康股份,['BKGF']
002412.SZ,汉森制药,['HSZY']
002413.SZ,雷科防务,['LKFW']
002414.SZ,高德红外,"['GDGW', 'GDHW']"
002415.SZ,海康威视,['HKWS']
002416.SZ,爱施德,['ASD']
002417.SZ,三元达,['SYD']
002418.SZ,康盛股份,"['KCGF', 'KSGF']"
002419.SZ,天虹商场,"['THSC', 'TJSC']"
002420.SZ,毅昌股份,['YCGF']
002421.SZ,达实智能,['DSZN']
002422.SZ,科伦药业,['KLYY']
002423.SZ,*ST中特,['*STZT']
002424.SZ,贵州百灵,['GZBL']
002425.SZ,凯撒股份,['KSGF']
002426.SZ,胜利精密,['SLJM']
002427.SZ,尤夫股份,['YFGF']
002428.SZ,云南锗业,['YNZY']
002429.SZ,兆驰股份,['ZCGF']
002430.SZ,杭氧股份,['HYGF']
002431.SZ,棕榈股份,['ZLGF']
002432.SZ,九安医疗,['JAYL']
002433.SZ,太安堂,['TAT']
002434.SZ,万里扬,"['MLY', 'WLY']"
002435.SZ,长江润发,"['CJRF', 'ZJRF']"
002436.SZ,兴森科技,['XSKJ']
002437.SZ,誉衡药业,['YHYY']
002438.SZ,江苏神通,['JSST']
002439.SZ,启明星辰,['QMXC']
002440.SZ,闰土股份,['RTGF']
002441.SZ,众业达,['ZYD']
002442.SZ,龙星化工,['LXHG']
002443.SZ,金洲管道,['JZGD']
002444.SZ,巨星科技,['JXKJ']
002445.SZ,中南重工,"['ZNCG', 'ZNZG']"
002446.SZ,盛路通信,"['CLTX', 'SLTX']"
002447.SZ,壹桥海参,"['YQHC', 'YQHS']"
002448.SZ,中原内配,['ZYNP']
002449.SZ,国星光电,['GXGD']
002450.SZ,康得新,['KDX']
002451.SZ,摩恩电气,['MEDQ']
002452.SZ,长高集团,"['CGJT', 'ZGJT']"
002453.SZ,天马精化,['TMJH']
002454.SZ,松芝股份,['SZGF']
002455.SZ,百川股份,['BCGF']
002456.SZ,欧菲光,['OFG']
002457.SZ,青龙管业,['QLGY']
002458.SZ,益生股份,['YSGF']
002459.SZ,天业通联,['TYTL']
002460.SZ,赣锋锂业,['GFLY']
002461.SZ,珠江啤酒,['ZJPJ']
002462.SZ,嘉事堂,['JST']
002463.SZ,沪电股份,['HDGF']
002464.SZ,金利科技,['JLKJ']
002465.SZ,海格通信,['HGTX']
002466.SZ,天齐锂业,"['TJLY', 'TQLY']"
002467.SZ,二六三,['ELS']
002468.SZ,艾迪西,"['ADX', 'YDX']"
002469.SZ,三维工程,['SWGC']
002470.SZ,金正大,['JZD']
002471.SZ,中超控股,['ZCKG']
002472.SZ,双环传动,"['SHCD', 'SHZD']"
002473.SZ,圣莱达,['SLD']
002474.SZ,榕基软件,['RJRJ']
002475.SZ,立讯精密,['LXJM']
002476.SZ,宝莫股份,['BMGF']
002477.SZ,雏鹰农牧,['CYNM']
002478.SZ,常宝股份,['CBGF']
002479.SZ,富春环保,['FCHB']
002480.SZ,新筑股份,['XZGF']
002481.SZ,双塔食品,"['SDSP', 'STSP']"
002482.SZ,广田股份,"['ATGF', 'GTGF']"
002483.SZ,润邦股份,['RBGF']
002484.SZ,江海股份,['JHGF']
002485.SZ,希努尔,['XNE']
002486.SZ,嘉麟杰,['JLJ']
002487.SZ,大金重工,"['DJCG', 'DJZG']"
002488.SZ,金固股份,['JGGF']
002489.SZ,浙江永强,"['ZJYJ', 'ZJYQ']"
002490.SZ,山东墨龙,['SDML']
002491.SZ,通鼎互联,['TDHL']
002492.SZ,恒基达鑫,['HJDX']
002493.SZ,荣盛石化,"['RCDH', 'RSDH', 'RCSH', 'RSSH']"
002494.SZ,华斯股份,['HSGF']
002495.SZ,佳隆股份,['JLGF']
002496.SZ,辉丰股份,['HFGF']
002497.SZ,雅化集团,['YHJT']
002498.SZ,汉缆股份,['HLGF']
002499.SZ,科林环保,['KLHB']
002500.SZ,山西证券,['SXZQ']
002501.SZ,利源精制,['LYJZ']
002502.SZ,骅威文化,['HWWH']
002503.SZ,搜于特,['SYT']
002504.SZ,弘高创意,['HGCY']
002505.SZ,大康牧业,['DKMY']
002506.SZ,协鑫集成,['XXJC']
002507.SZ,涪陵榨菜,['FLZC']
002508.SZ,老板电器,['LBDQ']
002509.SZ,天广消防,"['TAXF', 'TGXF']"
002510.SZ,天汽模,['TQM']
002511.SZ,中顺洁柔,['ZSJR']
002512.SZ,达华智能,['DHZN']
002513.SZ,*ST蓝丰,['*STLF']
002514.SZ,宝馨科技,['BXKJ']
002515.SZ,金字火腿,['JZHT']
002516.SZ,旷达科技,['KDKJ']
002517.SZ,恺英网络,['KYWL']
002518.SZ,科士达,['KSD']
002519.SZ,银河电子,['YHDZ']
002520.SZ,日发精机,['RFJJ']
002521.SZ,齐峰新材,"['JFXC', 'QFXC']"
002522.SZ,浙江众成,['ZJZC']
002523.SZ,天桥起重,"['TQQC', 'TQQZ']"
002524.SZ,光正集团,['GZJT']
002526.SZ,山东矿机,['SDKJ']
002527.SZ,新时达,['XSD']
002528.SZ,英飞拓,['YFT']
002529.SZ,海源机械,['HYJX']
002530.SZ,丰东股份,['FDGF']
002531.SZ,天顺风能,['TSFN']
002532.SZ,新界泵业,['XJBY']
002533.SZ,金杯电工,['JBDG']
002534.SZ,杭锅股份,['HGGF']
002535.SZ,林州重机,"['LZCJ', 'LZZJ']"
002536.SZ,西泵股份,['XBGF']
002537.SZ,海立美达,['HLMD']
002538.SZ,司尔特,['SET']
002539.SZ,新都化工,['XDHG']
002540.SZ,亚太科技,['YTKJ']
002541.SZ,鸿路钢构,['HLGG']
002542.SZ,中化岩土,['ZHYT']
002543.SZ,万和电气,"['MHDQ', 'WHDQ']"
002544.SZ,杰赛科技,['JSKJ']
002545.SZ,东方铁塔,"['DFTD', 'DFTT']"
002546.SZ,新联电子,['XLDZ']
002547.SZ,春兴精工,['CXJG']
002548.SZ,金新农,['JXN']
002549.SZ,凯美特气,['KMTQ']
002550.SZ,千红制药,"['QGZY', 'QHZY']"
002551.SZ,尚荣医疗,['SRYL']
002552.SZ,宝鼎科技,['BDKJ']
002553.SZ,南方轴承,['NFZC']
002554.SZ,惠博普,['HBP']
002555.SZ,三七互娱,['SQHY']
002556.SZ,辉隆股份,['HLGF']
002557.SZ,洽洽食品,['QQSP']
002558.SZ,世纪游轮,['SJYL']
002559.SZ,亚威股份,['YWGF']
002560.SZ,通达股份,['TDGF']
002561.SZ,徐家汇,['XJH']
002562.SZ,兄弟科技,['XDKJ']
002563.SZ,森马服饰,['SMFS']
002564.SZ,天沃科技,['TWKJ']
002565.SZ,上海绿新,['SHLX']
002566.SZ,益盛药业,"['YCYY', 'YSYY']"
002567.SZ,唐人神,['TRS']
002568.SZ,百润股份,['BRGF']
002569.SZ,步森股份,['BSGF']
002570.SZ,贝因美,['BYM']
002571.SZ,德力股份,['DLGF']
002572.SZ,索菲亚,['SFY']
002573.SZ,清新环境,['QXHJ']
002574.SZ,明牌珠宝,['MPZB']
002575.SZ,群兴玩具,['QXWJ']
002576.SZ,通达动力,['TDDL']
002577.SZ,雷柏科技,['LBKJ']
002578.SZ,闽发铝业,['MFLY']
002579.SZ,中京电子,['ZJDZ']
002580.SZ,圣阳股份,['SYGF']
002581.SZ,未名医药,['WMYY']
002582.SZ,好想你,['HXN']
002583.SZ,海能达,['HND']
002584.SZ,西陇科学,['XLKX']
002585.SZ,双星新材,['SXXC']
002586.SZ,围海股份,['WHGF']
002587.SZ,奥拓电子,['ATDZ']
002588.SZ,史丹利,['SDL']
002589.SZ,瑞康医药,['RKYY']
002590.SZ,万安科技,"['MAKJ', 'WAKJ']"
002591.SZ,恒大高新,['HDGX']
002592.SZ,八菱科技,['BLKJ']
002593.SZ,日上集团,['RSJT']
002594.SZ,比亚迪,['BYD']
002595.SZ,豪迈科技,['HMKJ']
002596.SZ,海南瑞泽,['HNRZ']
002597.SZ,金禾实业,['JHSY']
002598.SZ,山东章鼓,['SDZG']
002599.SZ,盛通股份,"['CTGF', 'STGF']"
002600.SZ,江粉磁材,['JFCC']
002601.SZ,佰利联,['BLL']
002602.SZ,世纪华通,['SJHT']
002603.SZ,以岭药业,['YLYY']
002604.SZ,龙力生物,['LLSW']
002605.SZ,姚记扑克,['YJPK']
002606.SZ,大连电瓷,['DLDC']
002607.SZ,亚夏汽车,['YXQC']
002608.SZ,*ST舜船,['*STSC']
002609.SZ,捷顺科技,['JSKJ']
002610.SZ,爱康科技,['AKKJ']
002611.SZ,东方精工,['DFJG']
002612.SZ,朗姿股份,['LZGF']
002613.SZ,北玻股份,['BBGF']
002614.SZ,蒙发利,['MFL']
002615.SZ,哈尔斯,['HES']
002616.SZ,长青集团,"['CQJT', 'ZQJT']"
002617.SZ,露笑科技,['LXKJ']
002618.SZ,丹邦科技,['DBKJ']
002619.SZ,巨龙管业,['JLGY']
002620.SZ,瑞和股份,['RHGF']
002621.SZ,三垒股份,['SLGF']
002622.SZ,永大集团,['YDJT']
002623.SZ,亚玛顿,['YMD']
002624.SZ,完美环球,['WMHQ']
002625.SZ,龙生股份,['LSGF']
002626.SZ,金达威,['JDW']
002627.SZ,宜昌交运,['YCJY']
002628.SZ,成都路桥,['CDLQ']
002629.SZ,仁智油服,['RZYF']
002630.SZ,华西能源,['HXNY']
002631.SZ,德尔未来,['DEWL']
002632.SZ,道明光学,['DMGX']
002633.SZ,申科股份,['SKGF']
002634.SZ,棒杰股份,['BJGF']
002635.SZ,安洁科技,['AJKJ']
002636.SZ,金安国纪,['JAGJ']
002637.SZ,赞宇科技,['ZYKJ']
002638.SZ,勤上光电,['QSGD']
002639.SZ,雪人股份,['XRGF']
002640.SZ,跨境通,['KJT']
002641.SZ,永高股份,['YGGF']
002642.SZ,荣之联,['RZL']
002643.SZ,万润股份,"['MRGF', 'WRGF']"
002644.SZ,佛慈制药,['FCZY']
002645.SZ,华宏科技,['HHKJ']
002646.SZ,青青稞酒,['QQKJ']
002647.SZ,宏磊股份,['HLGF']
002648.SZ,卫星石化,"['WXDH', 'WXSH']"
002649.SZ,博彦科技,['BYKJ']
002650.SZ,加加食品,['JJSP']
002651.SZ,利君股份,['LJGF']
002652.SZ,扬子新材,['YZXC']
002653.SZ,海思科,['HSK']
002654.SZ,万润科技,"['MRKJ', 'WRKJ']"
002655.SZ,共达电声,['GDDS']
002656.SZ,摩登大道,['MDDD']
002657.SZ,中科金财,['ZKJC']
002658.SZ,雪迪龙,['XDL']
002659.SZ,中泰桥梁,['ZTQL']
002660.SZ,茂硕电源,['MSDY']
002661.SZ,克明面业,['KMMY']
002662.SZ,京威股份,['JWGF']
002663.SZ,普邦园林,['PBYL']
002664.SZ,信质电机,['XZDJ']
002665.SZ,首航节能,['SHJN']
002666.SZ,德联集团,['DLJT']
002667.SZ,鞍重股份,"['ACGF', 'AZGF']"
002668.SZ,奥马电器,['AMDQ']
002669.SZ,康达新材,['KDXC']
002670.SZ,华声股份,['HSGF']
002671.SZ,龙泉股份,['LQGF']
002672.SZ,东江环保,['DJHB']
002673.SZ,西部证券,['XBZQ']
002674.SZ,兴业科技,['XYKJ']
002675.SZ,东诚药业,['DCYY']
002676.SZ,顺威股份,['SWGF']
002677.SZ,浙江美大,['ZJMD']
002678.SZ,珠江钢琴,['ZJGQ']
002679.SZ,福建金森,['FJJS']
002680.SZ,长生生物,"['CSSW', 'ZSSW']"
002681.SZ,奋达科技,['FDKJ']
002682.SZ,龙洲股份,['LZGF']
002683.SZ,宏大爆破,['HDBP']
002684.SZ,猛狮科技,['MSKJ']
002685.SZ,华东重机,"['HDCJ', 'HDZJ']"
002686.SZ,亿利达,['YLD']
002687.SZ,乔治白,['QZB']
002688.SZ,金河生物,['JHSW']
002689.SZ,远大智能,['YDZN']
002690.SZ,美亚光电,['MYGD']
002691.SZ,冀凯股份,['JKGF']
002692.SZ,远程电缆,['YCDL']
002693.SZ,双成药业,['SCYY']
002694.SZ,顾地科技,['GDKJ']
002695.SZ,煌上煌,['HSH']
002696.SZ,百洋股份,['BYGF']
002697.SZ,红旗连锁,"['GQLS', 'HQLS']"
002698.SZ,博实股份,['BSGF']
002699.SZ,美盛文化,"['MCWH', 'MSWH']"
002700.SZ,新疆浩源,['XJHY']
002701.SZ,奥瑞金,['ARJ']
002702.SZ,海欣食品,['HXSP']
002703.SZ,浙江世宝,['ZJSB']
002705.SZ,新宝股份,['XBGF']
002706.SZ,良信电器,['LXDQ']
002707.SZ,众信旅游,['ZXLY']
002708.SZ,光洋股份,['GYGF']
002709.SZ,天赐材料,['TCCL']
002711.SZ,欧浦智网,['OPZW']
002712.SZ,思美传媒,"['SMCM', 'SMZM']"
002713.SZ,东易日盛,"['DYRC', 'DYRS']"
002714.SZ,牧原股份,['MYGF']
002715.SZ,登云股份,['DYGF']
002716.SZ,金贵银业,['JGYY']
002717.SZ,岭南园林,['LNYL']
002718.SZ,友邦吊顶,['YBDD']
002719.SZ,麦趣尔,['MQE']
002721.SZ,金一文化,['JYWH']
002722.SZ,金轮股份,['JLGF']
002723.SZ,金莱特,['JLT']
002724.SZ,海洋王,['HYW']
002725.SZ,跃岭股份,['YLGF']
002726.SZ,龙大肉食,['LDRS']
002727.SZ,一心堂,['YXT']
002728.SZ,台城制药,['TCZY']
002729.SZ,好利来,['HLL']
002730.SZ,电光科技,['DGKJ']
002731.SZ,萃华珠宝,['CHZB']
002732.SZ,燕塘乳业,['YTRY']
002733.SZ,雄韬股份,['XTGF']
002734.SZ,利民股份,['LMGF']
002735.SZ,王子新材,['WZXC']
002736.SZ,国信证券,['GXZQ']
002737.SZ,葵花药业,['KHYY']
002738.SZ,中矿资源,['ZKZY']
002739.SZ,万达院线,"['MDYX', 'WDYX']"
002740.SZ,爱迪尔,['ADE']
002741.SZ,光华科技,['GHKJ']
002742.SZ,三圣特材,['SSTC']
002743.SZ,富煌钢构,['FHGG']
002745.SZ,木林森,['MLS']
002746.SZ,仙坛股份,['XTGF']
002747.SZ,埃斯顿,['ASD']
002748.SZ,世龙实业,['SLSY']
002749.SZ,国光股份,['GGGF']
002750.SZ,龙津药业,['LJYY']
002751.SZ,易尚展示,['YSZS']
002752.SZ,N兴股份,[]
002753.SZ,永东股份,['YDGF']
002755.SZ,东方新星,['DFXX']
002756.SZ,永兴特钢,['YXTG']
002757.SZ,南兴装备,['NXZB']
002758.SZ,华通医药,['HTYY']
002759.SZ,天际股份,['TJGF']
002760.SZ,凤形股份,['FXGF']
002761.SZ,多喜爱,['DXA']
002762.SZ,金发拉比,['JFLB']
002763.SZ,汇洁股份,['HJGF']
002765.SZ,蓝黛传动,"['LDCD', 'LDZD']"
002766.SZ,索菱股份,['SLGF']
002767.SZ,先锋电子,['XFDZ']
002768.SZ,国恩股份,['GEGF']
002769.SZ,普路通,['PLT']
002770.SZ,科迪乳业,['KDRY']
002771.SZ,真视通,['ZST']
002772.SZ,众兴菌业,['ZXJY']
002773.SZ,康弘药业,['KHYY']
002775.SZ,文科园林,['WKYL']
002776.SZ,柏堡龙,"['BBL', 'BPL']"
002777.SZ,久远银海,['JYYH']
002778.SZ,高科石化,"['GKDH', 'GKSH']"
002779.SZ,中坚科技,['ZJKJ']
002780.SZ,三夫户外,['SFHW']
002781.SZ,奇信股份,"['JXGF', 'QXGF']"
002782.SZ,可立克,['KLK']
002783.SZ,凯龙股份,['KLGF']
002785.SZ,万里石,"['MLD', 'WLD', 'MLS', 'WLS']"
002786.SZ,银宝山新,['YBSX']
002787.SZ,华源包装,['HYBZ']
002788.SZ,鹭燕医药,['LYYY']
002789.SZ,建艺集团,['JYJT']
002790.SZ,瑞尔特,['RET']
002791.SZ,坚朗五金,['JLWJ']
002792.SZ,通宇通讯,['TYTX']
002793.SZ,东音股份,['DYGF']
002795.SZ,永和智控,['YHZK']
002796.SZ,世嘉科技,['SJKJ']
002797.SZ,第一创业,['DYCY']
002798.SZ,帝王洁具,['DWJJ']
300001.SZ,特锐德,['TRD']
300002.SZ,神州泰岳,['SZTY']
300003.SZ,乐普医疗,"['LPYL', 'YPYL']"
300004.SZ,南风股份,['NFGF']
300005.SZ,探路者,['TLZ']
300006.SZ,莱美药业,['LMYY']
300007.SZ,汉威电子,['HWDZ']
300008.SZ,天海防务,['THFW']
300009.SZ,安科生物,['AKSW']
300010.SZ,立思辰,['LSC']
300011.SZ,鼎汉技术,"['DHJS', 'DHJZ']"
300012.SZ,华测检测,['HCJC']
300013.SZ,新宁物流,['XNWL']
300014.SZ,亿纬锂能,['YWLN']
300015.SZ,爱尔眼科,['AEYK']
300016.SZ,北陆药业,['BLYY']
300017.SZ,网宿科技,"['WSKJ', 'WXKJ']"
300018.SZ,中元华电,['ZYHD']
300019.SZ,硅宝科技,['GBKJ']
300020.SZ,银江股份,['YJGF']
300021.SZ,大禹节水,['DYJS']
300022.SZ,吉峰农机,['JFNJ']
300023.SZ,宝德股份,['BDGF']
300024.SZ,机器人,['JQR']
300025.SZ,华星创业,['HXCY']
300026.SZ,红日药业,"['GRYY', 'HRYY']"
300027.SZ,华谊兄弟,['HYXD']
300028.SZ,金亚科技,['JYKJ']
300029.SZ,天龙光电,['TLGD']
300030.SZ,阳普医疗,['YPYL']
300031.SZ,宝通科技,['BTKJ']
300032.SZ,金龙机电,['JLJD']
300033.SZ,同花顺,['THS']
300034.SZ,钢研高纳,['GYGN']
300035.SZ,中科电气,['ZKDQ']
300036.SZ,超图软件,['CTRJ']
300037.SZ,新宙邦,['XZB']
300038.SZ,梅泰诺,['MTN']
300039.SZ,上海凯宝,['SHKB']
300040.SZ,九洲电气,['JZDQ']
300041.SZ,回天新材,['HTXC']
300042.SZ,朗科科技,['LKKJ']
300043.SZ,互动娱乐,"['HDYL', 'HDYY']"
300044.SZ,赛为智能,['SWZN']
300045.SZ,华力创通,['HLCT']
300046.SZ,台基股份,['TJGF']
300047.SZ,天源迪科,['TYDK']
300048.SZ,合康变频,"['GKBP', 'HKBP']"
300049.SZ,福瑞股份,['FRGF']
300050.SZ,世纪鼎利,['SJDL']
300051.SZ,三五互联,['SWHL']
300052.SZ,中青宝,['ZQB']
300053.SZ,欧比特,['OBT']
300054.SZ,鼎龙股份,['DLGF']
300055.SZ,万邦达,"['MBD', 'WBD']"
300056.SZ,三维丝,['SWS']
300057.SZ,万顺股份,"['MSGF', 'WSGF']"
300058.SZ,蓝色光标,['LSGB']
300059.SZ,东方财富,['DFCF']
300061.SZ,康耐特,['KNT']
300062.SZ,中能电气,['ZNDQ']
300063.SZ,天龙集团,['TLJT']
300064.SZ,豫金刚石,"['YJGD', 'YJGS']"
300065.SZ,海兰信,['HLX']
300066.SZ,三川智慧,['SCZH']
300067.SZ,安诺其,"['ANJ', 'ANQ']"
300068.SZ,南都电源,['NDDY']
300069.SZ,金利华电,['JLHD']
300070.SZ,碧水源,['BSY']
300071.SZ,华谊嘉信,['HYJX']
300072.SZ,三聚环保,['SJHB']
300073.SZ,当升科技,['DSKJ']
300074.SZ,华平股份,['HPGF']
300075.SZ,数字政通,['SZZT']
300076.SZ,GQY视讯,['GQYSX']
300077.SZ,国民技术,"['GMJS', 'GMJZ']"
300078.SZ,思创医惠,['SCYH']
300079.SZ,数码视讯,['SMSX']
300080.SZ,易成新能,['YCXN']
300081.SZ,恒信移动,['HXYD']
300082.SZ,奥克股份,['AKGF']
300083.SZ,劲胜精密,['JSJM']
300084.SZ,海默科技,['HMKJ']
300085.SZ,银之杰,['YZJ']
300086.SZ,康芝药业,['KZYY']
300087.SZ,荃银高科,['QYGK']
300088.SZ,长信科技,"['CXKJ', 'ZXKJ']"
300089.SZ,文化长城,"['WHCC', 'WHZC']"
300090.SZ,盛运环保,"['CYHB', 'SYHB']"
300091.SZ,金通灵,['JTL']
300092.SZ,科新机电,['KXJD']
300093.SZ,金刚玻璃,['JGBL']
300094.SZ,国联水产,['GLSC']
300095.SZ,华伍股份,['HWGF']
300096.SZ,易联众,['YLZ']
300097.SZ,智云股份,['ZYGF']
300098.SZ,高新兴,['GXX']
300099.SZ,尤洛卡,"['YLK', 'YLQ']"
300100.SZ,双林股份,['SLGF']
300101.SZ,振芯科技,['ZXKJ']
300102.SZ,乾照光电,"['GZGD', 'QZGD']"
300103.SZ,达刚路机,['DGLJ']
300104.SZ,乐视网,"['LSW', 'YSW']"
300105.SZ,龙源技术,"['LYJS', 'LYJZ']"
300106.SZ,西部牧业,['XBMY']
300107.SZ,建新股份,['JXGF']
300108.SZ,双龙股份,['SLGF']
300109.SZ,新开源,['XKY']
300110.SZ,华仁药业,['HRYY']
300111.SZ,向日葵,['XRK']
300112.SZ,万讯自控,"['MXZK', 'WXZK']"
300113.SZ,顺网科技,['SWKJ']
300114.SZ,中航电测,['ZHDC']
300115.SZ,长盈精密,"['CYJM', 'ZYJM']"
300116.SZ,坚瑞消防,['JRXF']
300117.SZ,嘉寓股份,['JYGF']
300118.SZ,东方日升,['DFRS']
300119.SZ,瑞普生物,['RPSW']
300120.SZ,经纬电材,['JWDC']
300121.SZ,阳谷华泰,"['YGHT', 'YYHT']"
300122.SZ,智飞生物,['ZFSW']
300123.SZ,太阳鸟,"['TYD', 'TYN']"
300124.SZ,汇川技术,"['HCJS', 'HCJZ']"
300125.SZ,易世达,['YSD']
300126.SZ,锐奇股份,"['RJGF', 'RQGF']"
300127.SZ,银河磁体,['YHCT']
300128.SZ,锦富新材,['JFXC']
300129.SZ,泰胜风能,['TSFN']
300130.SZ,新国都,['XGD']
300131.SZ,英唐智控,['YTZK']
300132.SZ,青松股份,['QSGF']
300133.SZ,华策影视,['HCYS']
300134.SZ,大富科技,['DFKJ']
300135.SZ,宝利国际,['BLGJ']
300136.SZ,信维通信,['XWTX']
300137.SZ,先河环保,['XHHB']
300138.SZ,晨光生物,['CGSW']
300139.SZ,晓程科技,['XCKJ']
300140.SZ,启源装备,['QYZB']
300141.SZ,和顺电气,['HSDQ']
300142.SZ,沃森生物,['WSSW']
300143.SZ,星河生物,['XHSW']
300144.SZ,宋城演艺,['SCYY']
300145.SZ,中金环境,['ZJHJ']
300146.SZ,汤臣倍健,"['SCBJ', 'TCBJ']"
300147.SZ,香雪制药,['XXZY']
300148.SZ,天舟文化,['TZWH']
300149.SZ,量子高科,['LZGK']
300150.SZ,世纪瑞尔,['SJRE']
300151.SZ,昌红科技,"['CGKJ', 'CHKJ']"
300152.SZ,科融环境,['KRHJ']
300153.SZ,科泰电源,['KTDY']
300154.SZ,瑞凌股份,['RLGF']
300155.SZ,安居宝,['AJB']
300156.SZ,神雾环保,['SWHB']
300157.SZ,恒泰艾普,"['HTAP', 'HTYP']"
300158.SZ,振东制药,['ZDZY']
300159.SZ,新研股份,['XYGF']
300160.SZ,秀强股份,"['XJGF', 'XQGF']"
300161.SZ,华中数控,['HZSK']
300162.SZ,雷曼股份,['LMGF']
300163.SZ,先锋新材,['XFXC']
300164.SZ,通源石油,"['TYDY', 'TYSY']"
300165.SZ,天瑞仪器,['TRYQ']
300166.SZ,东方国信,['DFGX']
300167.SZ,迪威视讯,['DWSX']
300168.SZ,万达信息,"['MDXX', 'WDXX']"
300169.SZ,天晟新材,['TSXC']
300170.SZ,汉得信息,['HDXX']
300171.SZ,东富龙,['DFL']
300172.SZ,中电环保,['ZDHB']
300173.SZ,智慧松德,['ZHSD']
300174.SZ,元力股份,['YLGF']
300175.SZ,朗源股份,['LYGF']
300176.SZ,鸿特精密,['HTJM']
300177.SZ,中海达,['ZHD']
300178.SZ,腾邦国际,['TBGJ']
300179.SZ,四方达,['SFD']
300180.SZ,华峰超纤,"['HFCQ', 'HFCX']"
300181.SZ,佐力药业,['ZLYY']
300182.SZ,捷成股份,['JCGF']
300183.SZ,东软载波,['DRZB']
300184.SZ,力源信息,['LYXX']
300185.SZ,通裕重工,"['TYCG', 'TYZG']"
300187.SZ,永清环保,['YQHB']
300188.SZ,美亚柏科,['MYBK']
300189.SZ,神农基因,['SNJY']
300190.SZ,维尔利,['WEL']
300191.SZ,潜能恒信,['QNHX']
300192.SZ,科斯伍德,['KSWD']
300193.SZ,佳士科技,['JSKJ']
300194.SZ,福安药业,['FAYY']
300195.SZ,长荣股份,"['CRGF', 'ZRGF']"
300196.SZ,长海股份,"['CHGF', 'ZHGF']"
300197.SZ,铁汉生态,['THST']
300198.SZ,纳川股份,['NCGF']
300199.SZ,翰宇药业,['HYYY']
300200.SZ,高盟新材,['GMXC']
300201.SZ,海伦哲,['HLZ']
300202.SZ,聚龙股份,['JLGF']
300203.SZ,聚光科技,['JGKJ']
300204.SZ,舒泰神,['STS']
300205.SZ,天喻信息,['TYXX']
300206.SZ,理邦仪器,['LBYQ']
300207.SZ,欣旺达,['XWD']
300208.SZ,恒顺众N,[]
300209.SZ,天泽信息,['TZXX']
300210.SZ,森远股份,['SYGF']
300211.SZ,亿通科技,['YTKJ']
300212.SZ,易华录,['YHL']
300213.SZ,佳讯飞鸿,['JXFH']
300214.SZ,日科化学,['RKHX']
300215.SZ,电科院,['DKY']
300216.SZ,千山药机,['QSYJ']
300217.SZ,东方电热,['DFDR']
300218.SZ,安利股份,['ALGF']
300219.SZ,鸿利光电,['HLGD']
300220.SZ,金运激光,['JYJG']
300221.SZ,银禧科技,['YXKJ']
300222.SZ,科大智能,['KDZN']
300223.SZ,北京君正,['BJJZ']
300224.SZ,正海磁材,['ZHCC']
300225.SZ,金力泰,['JLT']
300226.SZ,上海钢联,['SHGL']
300227.SZ,光韵达,['GYD']
300228.SZ,富瑞特装,['FRTZ']
300229.SZ,拓尔思,['TES']
300230.SZ,永利股份,['YLGF']
300231.SZ,银信科技,['YXKJ']
300232.SZ,洲明科技,['ZMKJ']
300233.SZ,金城医药,['JCYY']
300234.SZ,开尔新材,['KEXC']
300235.SZ,方直科技,['FZKJ']
300236.SZ,上海新阳,['SHXY']
300237.SZ,美晨科技,['MCKJ']
300238.SZ,冠昊生物,['GHSW']
300239.SZ,东宝生物,['DBSW']
300240.SZ,飞力达,['FLD']
300241.SZ,瑞丰光电,['RFGD']
300242.SZ,明家联合,"['MJLG', 'MJLH']"
300243.SZ,瑞丰高材,['RFGC']
300244.SZ,迪安诊断,['DAZD']
300245.SZ,天玑科技,['TJKJ']
300246.SZ,宝莱特,['BLT']
300247.SZ,乐金健康,"['LJJK', 'YJJK']"
300248.SZ,新开普,['XKP']
300249.SZ,依米康,['YMK']
300250.SZ,初灵信息,['CLXX']
300251.SZ,光线传媒,"['GXCM', 'GXZM']"
300252.SZ,金信诺,['JXN']
300253.SZ,卫宁健康,['WNJK']
300254.SZ,仟源医药,['QYYY']
300255.SZ,常山药业,['CSYY']
300256.SZ,星星科技,['XXKJ']
300257.SZ,开山股份,['KSGF']
300258.SZ,精锻科技,['JDKJ']
300259.SZ,新天科技,['XTKJ']
300260.SZ,新莱应材,['XLYC']
300261.SZ,雅本化学,['YBHX']
300262.SZ,巴安水务,['BASW']
300263.SZ,隆华节能,['LHJN']
300264.SZ,佳创视讯,['JCSX']
300265.SZ,通光线缆,['TGXL']
300266.SZ,兴源环境,['XYHJ']
300267.SZ,尔康制药,['EKZY']
300268.SZ,万福生科,"['MFSK', 'WFSK']"
300269.SZ,联建光电,['LJGD']
300270.SZ,中威电子,['ZWDZ']
300271.SZ,华宇软件,['HYRJ']
300272.SZ,开能环保,['KNHB']
300273.SZ,和佳股份,['HJGF']
300274.SZ,阳光电源,['YGDY']
300275.SZ,梅安森,['MAS']
300276.SZ,三丰智能,['SFZN']
300277.SZ,海联讯,['HLX']
300278.SZ,华昌达,['HCD']
300279.SZ,和晶科技,['HJKJ']
300280.SZ,南通锻压,['NTDY']
300281.SZ,金明精机,['JMJJ']
300282.SZ,汇冠股份,['HGGF']
300283.SZ,温州宏丰,['WZHF']
300284.SZ,苏交科,['SJK']
300285.SZ,国瓷材料,['GCCL']
300286.SZ,安科瑞,['AKR']
300287.SZ,飞利信,['FLX']
300288.SZ,朗玛信息,['LMXX']
300289.SZ,利德曼,['LDM']
300290.SZ,荣科科技,['RKKJ']
300291.SZ,华录百纳,['HLBN']
300292.SZ,吴通控股,['WTKG']
300293.SZ,蓝英装备,['LYZB']
300294.SZ,博雅生物,['BYSW']
300295.SZ,三六五网,['SLWW']
300296.SZ,利亚德,['LYD']
300297.SZ,蓝盾股份,['LDGF']
300298.SZ,三诺生物,['SNSW']
300299.SZ,富春通信,['FCTX']
300300.SZ,汉鼎股份,['HDGF']
300301.SZ,长方集团,"['CFJT', 'ZFJT']"
300302.SZ,同有科技,['TYKJ']
300303.SZ,聚飞光电,['JFGD']
300304.SZ,云意电气,['YYDQ']
300305.SZ,裕兴股份,['YXGF']
300306.SZ,远方光电,['YFGD']
300307.SZ,慈星股份,['CXGF']
300308.SZ,中际装备,['ZJZB']
300309.SZ,吉艾科技,"['JAKJ', 'JYKJ']"
300310.SZ,宜通世纪,['YTSJ']
300311.SZ,任子行,"['RZH', 'RZX']"
300312.SZ,邦讯技术,"['BXJS', 'BXJZ']"
300313.SZ,天山生物,['TSSW']
300314.SZ,戴维医疗,['DWYL']
300315.SZ,掌趣科技,['ZQKJ']
300316.SZ,晶盛机电,"['JCJD', 'JSJD']"
300317.SZ,珈伟股份,['JWGF']
300318.SZ,博晖创新,['BHCX']
300319.SZ,麦捷科技,['MJKJ']
300320.SZ,海达股份,['HDGF']
300321.SZ,同大股份,['TDGF']
300322.SZ,硕贝德,['SBD']
300323.SZ,华灿光电,['HCGD']
300324.SZ,旋极信息,['XJXX']
300325.SZ,德威新材,['DWXC']
300326.SZ,凯利泰,['KLT']
300327.SZ,中颖电子,['ZYDZ']
300328.SZ,宜安科技,['YAKJ']
300329.SZ,海伦钢琴,['HLGQ']
300330.SZ,华虹计通,"['HHJT', 'HJJT']"
300331.SZ,苏大维格,['SDWG']
300332.SZ,天壕环境,['THHJ']
300333.SZ,兆日科技,['ZRKJ']
300334.SZ,津膜科技,['JMKJ']
300335.SZ,迪森股份,['DSGF']
300336.SZ,新文化,['XWH']
300337.SZ,银邦股份,['YBGF']
300338.SZ,开元仪器,['KYYQ']
300339.SZ,润和软件,['RHRJ']
300340.SZ,科恒股份,['KHGF']
300341.SZ,麦迪电气,['MDDQ']
300342.SZ,天银机电,['TYJD']
300343.SZ,联创股份,['LCGF']
300344.SZ,太空板业,['TKBY']
300345.SZ,红宇新材,"['GYXC', 'HYXC']"
300346.SZ,南大光电,['NDGD']
300347.SZ,泰格医药,['TGYY']
300348.SZ,长亮科技,"['CLKJ', 'ZLKJ']"
300349.SZ,金卡股份,"['JKGF', 'JQGF']"
300350.SZ,华鹏飞,['HPF']
300351.SZ,永贵电器,['YGDQ']
300352.SZ,北信源,['BXY']
300353.SZ,东土科技,['DTKJ']
300354.SZ,东华测试,['DHCS']
300355.SZ,蒙草抗旱,['MCKH']
300356.SZ,光一科技,['GYKJ']
300357.SZ,我武生物,['WWSW']
300358.SZ,楚天科技,['CTKJ']
300359.SZ,全通教育,['QTJY']
300360.SZ,炬华科技,['JHKJ']
300362.SZ,天翔环境,['TXHJ']
300363.SZ,博腾股份,['BTGF']
300364.SZ,中文在线,['ZWZX']
300365.SZ,恒华科技,['HHKJ']
300366.SZ,创意信息,['CYXX']
300367.SZ,东方网力,['DFWL']
300368.SZ,汇金股份,['HJGF']
300369.SZ,绿盟科技,['LMKJ']
300370.SZ,安控科技,['AKKJ']
300371.SZ,汇中股份,['HZGF']
300372.SZ,欣泰电气,['XTDQ']
300373.SZ,扬杰科技,['YJKJ']
300374.SZ,恒通科技,['HTKJ']
300375.SZ,鹏翎股份,['PLGF']
300376.SZ,易事特,['YST']
300377.SZ,赢时胜,['YSS']
300378.SZ,鼎捷软件,['DJRJ']
300379.SZ,东方通,['DFT']
300380.SZ,安硕信息,['ASXX']
300381.SZ,溢多利,['YDL']
300382.SZ,斯莱克,['SLK']
300383.SZ,光环新网,['GHXW']
300384.SZ,三联虹普,"['SLHP', 'SLJP']"
300385.SZ,雪浪环境,['XLHJ']
300386.SZ,飞天诚信,['FTCX']
300387.SZ,富邦股份,['FBGF']
300388.SZ,国祯环保,['GZHB']
300389.SZ,艾比森,"['ABS', 'YBS']"
300390.SZ,天华超净,['THCJ']
300391.SZ,康跃科技,['KYKJ']
300392.SZ,腾信股份,['TXGF']
300393.SZ,中来股份,['ZLGF']
300394.SZ,天孚通信,['TFTX']
300395.SZ,菲利华,['FLH']
300396.SZ,迪瑞医疗,['DRYL']
300397.SZ,天和防务,['THFW']
300398.SZ,飞凯材料,['FKCL']
300399.SZ,京天利,['JTL']
300400.SZ,劲拓股份,['JTGF']
300401.SZ,花园生物,['HYSW']
300402.SZ,宝色股份,['BSGF']
300403.SZ,地尔汉宇,['DEHY']
300404.SZ,博济医药,['BJYY']
300405.SZ,科隆精化,['KLJH']
300406.SZ,九强生物,"['JJSW', 'JQSW']"
300407.SZ,凯发电气,['KFDQ']
300408.SZ,三环集团,['SHJT']
300409.SZ,道氏技术,"['DSJS', 'DZJS', 'DSJZ', 'DZJZ']"
300410.SZ,正业科技,['ZYKJ']
300411.SZ,金盾股份,['JDGF']
300412.SZ,迦南科技,['JNKJ']
300413.SZ,快乐购,"['KLG', 'KYG']"
300414.SZ,中光防雷,['ZGFL']
300415.SZ,伊之密,['YZM']
300416.SZ,苏试试验,['SSSY']
300417.SZ,南华仪器,['NHYQ']
300418.SZ,昆仑万维,"['KLMW', 'KLWW']"
300419.SZ,浩丰科技,['HFKJ']
300420.SZ,五洋科技,['WYKJ']
300421.SZ,力星股份,['LXGF']
300422.SZ,博世科,['BSK']
300423.SZ,鲁亿通,['LYT']
300424.SZ,航新科技,['HXKJ']
300425.SZ,环能科技,['HNKJ']
300426.SZ,唐德影视,['TDYS']
300427.SZ,红相电力,"['GXDL', 'HXDL']"
300428.SZ,四通新材,['STXC']
300429.SZ,强力新材,"['JLXC', 'QLXC']"
300430.SZ,诚益通,['CYT']
300431.SZ,暴风科技,"['BFKJ', 'PFKJ']"
300432.SZ,富临精工,['FLJG']
300433.SZ,蓝思科技,['LSKJ']
300434.SZ,金石东方,"['JDDF', 'JSDF']"
300435.SZ,中泰股份,['ZTGF']
300436.SZ,广生堂,"['AST', 'GST']"
300437.SZ,清水源,['QSY']
300438.SZ,鹏辉能源,['PHNY']
300439.SZ,美康生物,['MKSW']
300440.SZ,运达科技,['YDKJ']
300441.SZ,鲍斯股份,['BSGF']
300442.SZ,普丽盛,"['PLC', 'PLS']"
300443.SZ,金雷风电,['JLFD']
300444.SZ,双杰电气,['SJDQ']
300445.SZ,康斯特,['KST']
300446.SZ,乐凯新材,"['LKXC', 'YKXC']"
300447.SZ,全信股份,['QXGF']
300448.SZ,浩云科技,['HYKJ']
300449.SZ,汉邦高科,['HBGK']
300450.SZ,先导智能,['XDZN']
300451.SZ,创业软件,['CYRJ']
300452.SZ,山河药辅,['SHYF']
300453.SZ,三鑫医疗,['SXYL']
300455.SZ,康拓红外,"['KTGW', 'KTHW']"
300456.SZ,耐威科技,['NWKJ']
300457.SZ,赢合科技,"['YGKJ', 'YHKJ']"
300458.SZ,全志科技,['QZKJ']
300459.SZ,浙江金科,['ZJJK']
300460.SZ,惠伦晶体,['HLJT']
300461.SZ,田中精机,['TZJJ']
300462.SZ,华铭智能,['HMZN']
300463.SZ,迈克生物,['MKSW']
300464.SZ,星徽精密,['XHJM']
300465.SZ,高伟达,['GWD']
300466.SZ,赛摩电气,['SMDQ']
300467.SZ,迅游科技,['XYKJ']
300468.SZ,四方精创,['SFJC']
300469.SZ,信息发展,['XXFZ']
300470.SZ,日机密封,['RJMF']
300471.SZ,厚普股份,['HPGF']
300472.SZ,新元科技,['XYKJ']
300473.SZ,德尔股份,['DEGF']
300474.SZ,景嘉微,['JJW']
300475.SZ,聚隆科技,['JLKJ']
300476.SZ,胜宏科技,['SHKJ']
300477.SZ,合纵科技,"['GZKJ', 'HZKJ']"
300478.SZ,杭州高新,['HZGX']
300479.SZ,神思电子,['SSDZ']
300480.SZ,光力科技,['GLKJ']
300481.SZ,濮阳惠成,['PYHC']
300482.SZ,万孚生物,"['MFSW', 'WFSW']"
300483.SZ,沃施股份,['WSGF']
300484.SZ,蓝海华腾,['LHHT']
300485.SZ,赛升药业,['SSYY']
300486.SZ,东杰智能,['DJZN']
300487.SZ,蓝晓科技,['LXKJ']
300488.SZ,恒锋工具,['HFGJ']
300489.SZ,中飞股份,['ZFGF']
300490.SZ,华自科技,['HZKJ']
300491.SZ,通合科技,"['TGKJ', 'THKJ']"
300492.SZ,山鼎设计,['SDSJ']
300493.SZ,润欣科技,['RXKJ']
300494.SZ,盛天网络,"['CTWL', 'STWL']"
300495.SZ,美尚生态,['MSST']
300496.SZ,中科创达,['ZKCD']
300497.SZ,富祥股份,['FXGF']
300498.SZ,温氏股份,"['WSGF', 'WZGF']"
300499.SZ,高澜股份,['GLGF']
300500.SZ,苏州设计,['SZSJ']
300501.SZ,海顺新材,['HSXC']
300502.SZ,新易盛,"['XYC', 'XYS']"
300503.SZ,昊志机电,['HZJD']
300505.SZ,川金诺,['CJN']
300506.SZ,名家汇,['MJH']
300507.SZ,苏奥传感,"['SACG', 'SAZG']"
300508.SZ,维宏股份,['WHGF']
300509.SZ,新美星,['XMX']
300510.SZ,金冠电气,['JGDQ']
300511.SZ,雪榕生物,['XRSW']
300512.SZ,N中亚,['NZY']
600000.SH,浦发银行,"['PFYH', 'PFYX']"
600004.SH,白云机场,['BYJC']
600005.SH,武钢股份,['WGGF']
600006.SH,东风汽车,['DFQC']
600007.SH,中国国贸,['ZGGM']
600008.SH,首创股份,['SCGF']
600009.SH,上海机场,['SHJC']
600010.SH,包钢股份,['BGGF']
600011.SH,华能国际,['HNGJ']
600012.SH,皖通高速,['WTGS']
600015.SH,华夏银行,"['HXYH', 'HXYX']"
600016.SH,民生银行,"['MSYH', 'MSYX']"
600017.SH,日照港,['RZG']
600018.SH,上港集团,['SGJT']
600019.SH,宝钢股份,['BGGF']
600020.SH,中原高速,['ZYGS']
600021.SH,上海电力,['SHDL']
600022.SH,山东钢铁,['SDGT']
600023.SH,浙能电力,['ZNDL']
600026.SH,中海发展,['ZHFZ']
600027.SH,华电国际,['HDGJ']
600028.SH,中国石化,"['ZGDH', 'ZGSH']"
600029.SH,南方航空,['NFHK']
600030.SH,中信证券,['ZXZQ']
600031.SH,三一重工,"['SYCG', 'SYZG']"
600033.SH,福建高速,['FJGS']
600035.SH,楚天高速,['CTGS']
600036.SH,招商银行,"['ZSYH', 'ZSYX']"
600037.SH,歌华有线,['GHYX']
600038.SH,中直股份,['ZZGF']
600039.SH,四川路桥,['SCLQ']
600048.SH,保利地产,['BLDC']
600050.SH,中国联通,['ZGLT']
600051.SH,宁波联合,"['NBLG', 'NBLH']"
600052.SH,浙江广厦,"['ZJAS', 'ZJGS', 'ZJAX', 'ZJGX']"
600053.SH,九鼎投资,['JDTZ']
600054.SH,黄山旅游,['HSLY']
600055.SH,华润万东,"['HRMD', 'HRWD']"
600056.SH,中国医药,['ZGYY']
600057.SH,象屿股份,['XYGF']
600058.SH,五矿发展,['WKFZ']
600059.SH,古越龙山,['GYLS']
600060.SH,海信电器,['HXDQ']
600061.SH,国投安信,['GTAX']
600062.SH,华润双鹤,['HRSH']
600063.SH,皖维高新,['WWGX']
600064.SH,南京高科,['NJGK']
600066.SH,宇通客车,['YTKC']
600067.SH,冠城大通,['GCDT']
600068.SH,葛洲坝,['GZB']
600069.SH,银鸽投资,['YGTZ']
600070.SH,浙江富润,['ZJFR']
600071.SH,凤凰光学,['FHGX']
600072.SH,钢构工程,['GGGC']
600073.SH,上海梅林,['SHML']
600074.SH,保千里,['BQL']
600075.SH,新疆天业,['XJTY']
600076.SH,康欣新材,['KXXC']
600077.SH,宋都股份,['SDGF']
600078.SH,澄星股份,"['CXGF', 'DXGF']"
600079.SH,人福医药,['RFYY']
600080.SH,金花股份,['JHGF']
600081.SH,东风科技,['DFKJ']
600082.SH,海泰发展,['HTFZ']
600083.SH,博信股份,['BXGF']
600084.SH,中葡股份,['ZPGF']
600085.SH,同仁堂,['TRT']
600086.SH,东方金钰,['DFJY']
600088.SH,中视传媒,"['ZSCM', 'ZSZM']"
600089.SH,特变电工,['TBDG']
600090.SH,啤酒花,['PJH']
600091.SH,ST明科,['STMK']
600093.SH,禾嘉股份,['HJGF']
600094.SH,大名城,['DMC']
600095.SH,哈高科,['HGK']
600096.SH,云天化,['YTH']
600097.SH,开创国际,['KCGJ']
600098.SH,广州发展,"['AZFZ', 'GZFZ']"
600099.SH,林海股份,['LHGF']
600100.SH,同方股份,['TFGF']
600101.SH,明星电力,['MXDL']
600103.SH,青山纸业,['QSZY']
600104.SH,上汽集团,['SQJT']
600105.SH,永鼎股份,['YDGF']
600106.SH,重庆路桥,"['CQLQ', 'ZQLQ']"
600107.SH,美尔雅,['MEY']
600108.SH,亚盛集团,"['YCJT', 'YSJT']"
600109.SH,国金证券,['GJZQ']
600110.SH,诺德股份,['NDGF']
600111.SH,北方稀土,['BFXT']
600112.SH,天成控股,['TCKG']
600113.SH,浙江东日,['ZJDR']
600114.SH,东睦股份,['DMGF']
600115.SH,东方航空,['DFHK']
600116.SH,三峡水利,['SXSL']
600117.SH,西宁特钢,['XNTG']
600118.SH,中国卫星,['ZGWX']
600119.SH,长江投资,"['CJTZ', 'ZJTZ']"
600120.SH,浙江东方,['ZJDF']
600121.SH,郑州煤电,['ZZMD']
600122.SH,宏图高科,['HTGK']
600123.SH,兰花科创,['LHKC']
600125.SH,铁龙物流,['TLWL']
600126.SH,杭钢股份,['HGGF']
600127.SH,金健米业,['JJMY']
600128.SH,弘业股份,['HYGF']
600129.SH,太极集团,['TJJT']
600130.SH,波导股份,['BDGF']
600131.SH,岷江水电,['MJSD']
600132.SH,重庆啤酒,"['CQPJ', 'ZQPJ']"
600133.SH,东湖高新,['DHGX']
600135.SH,乐凯胶片,"['LKJP', 'YKJP']"
600136.SH,道博股份,['DBGF']
600137.SH,浪莎股份,['LSGF']
600138.SH,中青旅,['ZQL']
600139.SH,西部资源,['XBZY']
600141.SH,兴发集团,['XFJT']
600143.SH,金发科技,['JFKJ']
600145.SH,*ST新亿,['*STXY']
600146.SH,商赢环球,['SYHQ']
600148.SH,长春一东,"['CCYD', 'ZCYD']"
600149.SH,廊坊发展,['LFFZ']
600150.SH,中国船舶,['ZGCB']
600151.SH,航天机电,['HTJD']
600152.SH,维科精华,['WKJH']
600153.SH,建发股份,['JFGF']
600155.SH,宝硕股份,['BSGF']
600156.SH,华升股份,['HSGF']
600157.SH,永泰能源,['YTNY']
600158.SH,中体产业,['ZTCY']
600159.SH,大龙地产,['DLDC']
600160.SH,巨化股份,['JHGF']
600161.SH,天坛生物,['TTSW']
600162.SH,香江控股,['XJKG']
600163.SH,中闽能源,['ZMNY']
600165.SH,新日恒力,['XRHL']
600166.SH,福田汽车,['FTQC']
600167.SH,联美控股,['LMKG']
600168.SH,武汉控股,['WHKG']
600169.SH,太原重工,"['TYCG', 'TYZG']"
600170.SH,上海建工,['SHJG']
600171.SH,上海贝岭,['SHBL']
600172.SH,黄河旋风,['HHXF']
600173.SH,卧龙地产,['WLDC']
600175.SH,美都能源,['MDNY']
600176.SH,中国巨石,"['ZGJD', 'ZGJS']"
600177.SH,雅戈尔,['YGE']
600178.SH,东安动力,['DADL']
600179.SH,*ST黑化,['*STHH']
600180.SH,瑞茂通,['RMT']
600182.SH,S佳通,['SJT']
600183.SH,生益科技,['SYKJ']
600184.SH,光电股份,['GDGF']
600185.SH,格力地产,['GLDC']
600186.SH,莲花健康,['LHJK']
600187.SH,国中水务,['GZSW']
600188.SH,兖州煤业,['YZMY']
600189.SH,吉林森工,['JLSG']
600190.SH,锦州港,['JZG']
600191.SH,华资实业,['HZSY']
600192.SH,长城电工,"['CCDG', 'ZCDG']"
600193.SH,创兴资源,['CXZY']
600195.SH,中牧股份,['ZMGF']
600196.SH,复星医药,['FXYY']
600197.SH,伊力特,['YLT']
600198.SH,大唐电信,['DTDX']
600199.SH,金种子酒,"['JCZJ', 'JZZJ']"
600200.SH,江苏吴中,['JSWZ']
600201.SH,生物股份,['SWGF']
600202.SH,哈空调,"['HKD', 'HKT']"
600203.SH,福日电子,['FRDZ']
600206.SH,有研新材,['YYXC']
600207.SH,安彩高科,['ACGK']
600208.SH,新湖中宝,['XHZB']
600209.SH,罗顿发展,['LDFZ']
600210.SH,紫江企业,['ZJQY']
600211.SH,西藏药业,"['XCYY', 'XZYY']"
600212.SH,*ST江泉,['*STJQ']
600213.SH,亚星客车,['YXKC']
600215.SH,长春经开,"['CCJK', 'ZCJK']"
600216.SH,浙江医药,['ZJYY']
600217.SH,秦岭水泥,['QLSN']
600218.SH,全柴动力,['QCDL']
600219.SH,南山铝业,['NSLY']
600220.SH,江苏阳光,['JSYG']
600221.SH,海南航空,['HNHK']
600222.SH,太龙药业,['TLYY']
600223.SH,鲁商置业,['LSZY']
600225.SH,天津松江,['TJSJ']
600226.SH,升华拜克,['SHBK']
600227.SH,赤天化,['CTH']
600228.SH,昌九生化,['CJSH']
600229.SH,城市传媒,"['CSCM', 'CSZM']"
600230.SH,*ST沧大,['*STCD']
600231.SH,凌钢股份,['LGGF']
600232.SH,金鹰股份,['JYGF']
600233.SH,大杨创世,['DYCS']
600234.SH,*ST山水,['*STSS']
600235.SH,民丰特纸,['MFTZ']
600236.SH,桂冠电力,['GGDL']
600237.SH,铜峰电子,['TFDZ']
600238.SH,海南椰岛,['HNYD']
600239.SH,云南城投,['YNCT']
600240.SH,华业资本,['HYZB']
600241.SH,时代万恒,"['SDMH', 'SDWH']"
600242.SH,中昌海运,['ZCHY']
600243.SH,青海华鼎,['QHHD']
600246.SH,万通地产,"['MTDC', 'WTDC']"
600247.SH,ST成城,['STCC']
600248.SH,延长化建,"['YCHJ', 'YZHJ']"
600249.SH,两面针,['LMZ']
600250.SH,南纺股份,['NFGF']
600251.SH,冠农股份,['GNGF']
600252.SH,中恒集团,['ZHJT']
600255.SH,鑫科材料,['XKCL']
600256.SH,广汇能源,"['AHNY', 'GHNY']"
600257.SH,大湖股份,['DHGF']
600258.SH,首旅酒店,['SLJD']
600259.SH,广晟有色,"['ASYS', 'GSYS']"
600260.SH,凯乐科技,"['KLKJ', 'KYKJ']"
600261.SH,阳光照明,['YGZM']
600262.SH,北方股份,['BFGF']
600265.SH,*ST景谷,"['*STJG', '*STJY']"
600266.SH,北京城建,['BJCJ']
600267.SH,海正药业,['HZYY']
600268.SH,国电南自,['GDNZ']
600269.SH,赣粤高速,['GYGS']
600270.SH,外运发展,['WYFZ']
600271.SH,航天信息,['HTXX']
600272.SH,开开实业,['KKSY']
600273.SH,嘉化能源,['JHNY']
600275.SH,武昌鱼,['WCY']
600276.SH,恒瑞医药,['HRYY']
600277.SH,亿利洁能,['YLJN']
600278.SH,东方创业,['DFCY']
600279.SH,重庆港九,"['CQGJ', 'ZQGJ']"
600280.SH,中央商场,['ZYSC']
600281.SH,太化股份,['THGF']
600282.SH,南钢股份,['NGGF']
600283.SH,钱江水利,['QJSL']
600284.SH,浦东建设,['PDJS']
600285.SH,羚锐制药,['LRZY']
600287.SH,江苏舜天,['JSST']
600288.SH,大恒科技,['DHKJ']
600289.SH,亿阳信通,['YYXT']
600290.SH,华仪电气,['HYDQ']
600291.SH,西水股份,['XSGF']
600292.SH,远达环保,['YDHB']
600293.SH,三峡新材,['SXXC']
600295.SH,鄂尔多斯,['EEDS']
600297.SH,广汇汽车,"['AHQC', 'GHQC']"
600298.SH,安琪酵母,['AQJM']
600299.SH,安迪苏,['ADS']
600300.SH,维维股份,['WWGF']
600301.SH,*ST南化,['*STNH']
600302.SH,标准股份,['BZGF']
600303.SH,曙光股份,['SGGF']
600305.SH,恒顺醋业,['HSCY']
600306.SH,*ST商城,['*STSC']
600307.SH,酒钢宏兴,['JGHX']
600308.SH,华泰股份,['HTGF']
600309.SH,万华化学,"['MHHX', 'WHHX']"
600310.SH,桂东电力,['GDDL']
600311.SH,荣华实业,['RHSY']
600312.SH,平高电气,['PGDQ']
600313.SH,农发种业,"['NFCY', 'NFZY']"
600315.SH,上海家化,['SHJH']
600316.SH,洪都航空,['HDHK']
600317.SH,营口港,['YKG']
600318.SH,新力金融,['XLJR']
600319.SH,*ST亚星,['*STYX']
600320.SH,振华重工,"['ZHCG', 'ZHZG']"
600321.SH,国栋建设,['GDJS']
600322.SH,天房发展,['TFFZ']
600323.SH,瀚蓝环境,['HLHJ']
600325.SH,华发股份,['HFGF']
600326.SH,西藏天路,"['XCTL', 'XZTL']"
600327.SH,大东方,['DDF']
600328.SH,兰太实业,['LTSY']
600329.SH,中新药业,['ZXYY']
600330.SH,天通股份,['TTGF']
600331.SH,宏达股份,['HDGF']
600332.SH,白云山,['BYS']
600333.SH,长春燃气,"['CCRQ', 'ZCRQ']"
600335.SH,国机汽车,['GJQC']
600336.SH,澳柯玛,['AKM']
600337.SH,美克家居,['MKJJ']
600338.SH,西藏珠峰,"['XCZF', 'XZZF']"
600339.SH,*ST天利,['*STTL']
600340.SH,华夏幸福,['HXXF']
600343.SH,航天动力,['HTDL']
600345.SH,长江通信,"['CJTX', 'ZJTX']"
600346.SH,*ST橡塑,['*STXS']
600348.SH,阳泉煤业,['YQMY']
600350.SH,山东高速,['SDGS']
600351.SH,亚宝药业,['YBYY']
600352.SH,浙江龙盛,"['ZJLC', 'ZJLS']"
600353.SH,旭光股份,['XGGF']
600354.SH,敦煌种业,"['DHCY', 'DHZY']"
600355.SH,精伦电子,['JLDZ']
600356.SH,恒丰纸业,['HFZY']
600358.SH,国旅联合,"['GLLG', 'GLLH']"
600359.SH,新农开发,['XNKF']
600360.SH,华微电子,['HWDZ']
600361.SH,华联综超,['HLZC']
600362.SH,江西铜业,['JXTY']
600363.SH,联创光电,['LCGD']
600365.SH,通葡股份,['TPGF']
600366.SH,宁波韵升,['NBYS']
600367.SH,红星发展,"['GXFZ', 'HXFZ']"
600368.SH,五洲交通,['WZJT']
600369.SH,西南证券,['XNZQ']
600370.SH,三房巷,"['SFH', 'SFX']"
600371.SH,万向德农,"['MXDN', 'WXDN']"
600372.SH,中航电子,['ZHDZ']
600373.SH,中文传媒,"['ZWCM', 'ZWZM']"
600375.SH,*ST星马,['*STXM']
600376.SH,首开股份,['SKGF']
600377.SH,宁沪高速,['NHGS']
600378.SH,天科股份,['TKGF']
600379.SH,宝光股份,['BGGF']
600380.SH,健康元,['JKY']
600381.SH,青海春天,['QHCT']
600382.SH,广东明珠,"['ADMZ', 'GDMZ']"
600383.SH,金地集团,['JDJT']
600385.SH,山东金泰,['SDJT']
600386.SH,北巴传媒,"['BBCM', 'BBZM']"
600387.SH,海越股份,['HYGF']
600388.SH,龙净环保,['LJHB']
600389.SH,江山股份,['JSGF']
600390.SH,*ST金瑞,['*STJR']
600391.SH,成发科技,['CFKJ']
600392.SH,盛和资源,"['CHZY', 'SHZY']"
600393.SH,粤泰股份,['YTGF']
600395.SH,盘江股份,['PJGF']
600396.SH,金山股份,['JSGF']
600397.SH,安源煤业,['AYMY']
600398.SH,海澜之家,['HLZJ']
600399.SH,抚顺特钢,['FSTG']
600400.SH,红豆股份,"['GDGF', 'HDGF']"
600401.SH,海润光伏,['HRGF']
600403.SH,大有能源,['DYNY']
600405.SH,动力源,['DLY']
600406.SH,国电南瑞,['GDNR']
600408.SH,安泰集团,['ATJT']
600409.SH,三友化工,['SYHG']
600410.SH,华胜天成,['HSTC']
600415.SH,小商品城,['XSPC']
600416.SH,湘电股份,['XDGF']
600418.SH,江淮汽车,['JHQC']
600419.SH,天润乳业,['TRRY']
600420.SH,现代制药,['XDZY']
600421.SH,仰帆控股,['YFKG']
600422.SH,昆药集团,['KYJT']
600423.SH,柳化股份,['LHGF']
600425.SH,青松建化,['QSJH']
600426.SH,华鲁恒升,['HLHS']
600428.SH,中远航运,['ZYHY']
600429.SH,三元股份,['SYGF']
600432.SH,*ST吉恩,['*STJE']
600433.SH,冠豪高新,['GHGX']
600435.SH,北方导航,['BFDH']
600436.SH,片仔癀,['PZH']
600438.SH,通威股份,['TWGF']
600439.SH,瑞贝卡,"['RBK', 'RBQ']"
600444.SH,国机通用,['GJTY']
600446.SH,金证股份,['JZGF']
600448.SH,华纺股份,['HFGF']
600449.SH,宁夏建材,['NXJC']
600452.SH,涪陵电力,['FLDL']
600455.SH,博通股份,['BTGF']
600456.SH,宝钛股份,['BTGF']
600458.SH,时代新材,['SDXC']
600459.SH,贵研铂业,['GYBY']
600460.SH,士兰微,['SLW']
600461.SH,洪城水业,['HCSY']
600462.SH,九有股份,['JYGF']
600463.SH,空港股份,['KGGF']
600466.SH,蓝光发展,['LGFZ']
600467.SH,好当家,['HDJ']
600468.SH,百利电气,['BLDQ']
600469.SH,风神股份,['FSGF']
600470.SH,六国化工,['LGHG']
600475.SH,华光股份,['HGGF']
600476.SH,湘邮科技,['XYKJ']
600477.SH,杭萧钢构,['HXGG']
600478.SH,科力远,['KLY']
600479.SH,千金药业,['QJYY']
600480.SH,凌云股份,['LYGF']
600481.SH,双良节能,['SLJN']
600482.SH,中国动力,['ZGDL']
600483.SH,福能股份,['FNGF']
600485.SH,信威集团,['XWJT']
600486.SH,扬农化工,['YNHG']
600487.SH,亨通光电,['HTGD']
600488.SH,天药股份,['TYGF']
600489.SH,中金黄金,['ZJHJ']
600490.SH,鹏欣资源,['PXZY']
600491.SH,龙元建设,['LYJS']
600493.SH,凤竹纺织,['FZFZ']
600495.SH,晋西车轴,['JXCZ']
600496.SH,精工钢构,['JGGG']
600497.SH,驰宏锌锗,['CHXZ']
600498.SH,烽火通信,['FHTX']
600499.SH,科达洁能,['KDJN']
600500.SH,中化国际,['ZHGJ']
600501.SH,航天晨光,['HTCG']
600502.SH,安徽水利,['AHSL']
600503.SH,华丽家族,['HLJZ']
600505.SH,西昌电力,['XCDL']
600506.SH,香梨股份,['XLGF']
600507.SH,方大特钢,['FDTG']
600508.SH,上海能源,['SHNY']
600509.SH,天富能源,['TFNY']
600510.SH,黑牡丹,['HMD']
600511.SH,国药股份,['GYGF']
600512.SH,腾达建设,['TDJS']
600513.SH,联环药业,['LHYY']
600515.SH,海航基础,['HHJC']
600516.SH,方大炭素,['FDTS']
600517.SH,置信电气,['ZXDQ']
600518.SH,康美药业,['KMYY']
600519.SH,贵州茅台,['GZMT']
600520.SH,*ST中发,['*STZF']
600521.SH,华海药业,['HHYY']
600522.SH,中天科技,['ZTKJ']
600523.SH,贵航股份,['GHGF']
600525.SH,长园集团,"['CYJT', 'ZYJT']"
600526.SH,菲达环保,['FDHB']
600527.SH,江南高纤,"['JNGQ', 'JNGX']"
600528.SH,中铁二局,['ZTEJ']
600529.SH,山东药玻,['SDYB']
600530.SH,交大昂立,['JDAL']
600531.SH,豫光金铅,"['YGJQ', 'YGJY']"
600532.SH,宏达矿业,['HDKY']
600533.SH,栖霞建设,"['QXJS', 'XXJS']"
600535.SH,天士力,['TSL']
600536.SH,中国软件,['ZGRJ']
600537.SH,亿晶光电,['YJGD']
600538.SH,国发股份,['GFGF']
600539.SH,狮头股份,['STGF']
600540.SH,新赛股份,['XSGF']
600543.SH,莫高股份,['MGGF']
600545.SH,新疆城建,['XJCJ']
600546.SH,*ST山煤,['*STSM']
600547.SH,山东黄金,['SDHJ']
600548.SH,深高速,['SGS']
600549.SH,厦门钨业,"['SMWY', 'XMWY']"
600550.SH,保变电气,['BBDQ']
600551.SH,时代出版,['SDCB']
600552.SH,凯盛科技,"['KCKJ', 'KSKJ']"
600555.SH,海航创新,['HHCX']
600556.SH,慧球科技,['HQKJ']
600557.SH,康缘药业,['KYYY']
600558.SH,大西洋,['DXY']
600559.SH,老白干酒,['LBGJ']
600560.SH,金自天正,['JZTZ']
600561.SH,江西长运,"['JXCY', 'JXZY']"
600562.SH,国睿科技,['GRKJ']
600563.SH,法拉电子,['FLDZ']
600565.SH,迪马股份,['DMGF']
600566.SH,济川药业,['JCYY']
600567.SH,山鹰纸业,['SYZY']
600568.SH,中珠控股,['ZZKG']
600569.SH,安阳钢铁,['AYGT']
600570.SH,恒生电子,['HSDZ']
600571.SH,信雅达,['XYD']
600572.SH,康恩贝,['KEB']
600573.SH,惠泉啤酒,['HQPJ']
600575.SH,皖江物流,['WJWL']
600576.SH,万家文化,"['MJWH', 'WJWH']"
600577.SH,精达股份,['JDGF']
600578.SH,京能电力,['JNDL']
600579.SH,天华院,['THY']
600580.SH,卧龙电气,['WLDQ']
600581.SH,*ST八钢,['*STBG']
600582.SH,天地科技,['TDKJ']
600583.SH,海油工程,['HYGC']
600584.SH,长电科技,"['CDKJ', 'ZDKJ']"
600585.SH,海螺水泥,['HLSN']
600586.SH,金晶科技,['JJKJ']
600587.SH,新华医疗,['XHYL']
600588.SH,用友网络,['YYWL']
600589.SH,广东榕泰,"['ADRT', 'GDRT']"
600590.SH,泰豪科技,['THKJ']
600592.SH,龙溪股份,['LXGF']
600593.SH,大连圣亚,['DLSY']
600594.SH,益佰制药,['YBZY']
600595.SH,中孚实业,['ZFSY']
600596.SH,新安股份,['XAGF']
600597.SH,光明乳业,['GMRY']
600598.SH,北大荒,['BDH']
600599.SH,熊猫金控,['XMJK']
600600.SH,青岛啤酒,['QDPJ']
600601.SH,方正科技,['FZKJ']
600602.SH,仪电电子,['YDDZ']
600603.SH,*ST兴业,['*STXY']
600604.SH,市北高新,['SBGX']
600605.SH,汇通能源,['HTNY']
600606.SH,绿地控股,['LDKG']
600608.SH,ST沪科,['STHK']
600609.SH,金杯汽车,['JBQC']
600610.SH,中毅达,['ZYD']
600611.SH,大众交通,['DZJT']
600612.SH,老凤祥,['LFX']
600613.SH,神奇制药,"['SJZY', 'SQZY']"
600614.SH,鼎立股份,['DLGF']
600615.SH,丰华股份,['FHGF']
600616.SH,金枫酒业,['JFJY']
600617.SH,国新能源,['GXNY']
600618.SH,氯碱化工,['LJHG']
600619.SH,海立股份,['HLGF']
600620.SH,天宸股份,['TCGF']
600621.SH,华鑫股份,['HXGF']
600622.SH,嘉宝集团,['JBJT']
600623.SH,华谊集团,['HYJT']
600624.SH,复旦复华,['FDFH']
600626.SH,申达股份,['SDGF']
600628.SH,新世界,['XSJ']
600629.SH,华建集团,['HJJT']
600630.SH,龙头股份,['LTGF']
600633.SH,浙报传媒,"['ZBCM', 'ZBZM']"
600634.SH,中技控股,['ZJKG']
600635.SH,大众公用,['DZGY']
600636.SH,三爱富,['SAF']
600637.SH,东方明珠,['DFMZ']
600638.SH,新黄浦,['XHP']
600639.SH,浦东金桥,['PDJQ']
600640.SH,号百控股,['HBKG']
600641.SH,万业企业,"['MYQY', 'WYQY']"
600642.SH,申能股份,['SNGF']
600643.SH,爱建集团,['AJJT']
600644.SH,乐山电力,"['LSDL', 'YSDL']"
600645.SH,中源协和,['ZYXH']
600647.SH,同达创业,['TDCY']
600648.SH,外高桥,['WGQ']
600649.SH,城投控股,['CTKG']
600650.SH,锦江投资,['JJTZ']
600651.SH,飞乐音响,"['FLYX', 'FYYX']"
600652.SH,游久游戏,"['YJYH', 'YJYX']"
600653.SH,申华控股,['SHKG']
600654.SH,中安消,['ZAX']
600655.SH,豫园商城,['YYSC']
600657.SH,信达地产,['XDDC']
600658.SH,电子城,['DZC']
600660.SH,福耀玻璃,['FYBL']
600661.SH,新南洋,['XNY']
600662.SH,强生控股,"['JSKG', 'QSKG']"
600663.SH,陆家嘴,['LJZ']
600664.SH,哈药股份,['HYGF']
600665.SH,天地源,['TDY']
600666.SH,奥瑞德,['ARD']
600667.SH,太极实业,['TJSY']
600668.SH,尖峰集团,['JFJT']
600671.SH,天目药业,['TMYY']
600673.SH,东阳光科,['DYGK']
600674.SH,川投能源,['CTNY']
600675.SH,*ST中企,['*STZQ']
600676.SH,交运股份,['JYGF']
600677.SH,航天通信,['HTTX']
600678.SH,四川金顶,['SCJD']
600679.SH,上海凤凰,['SHFH']
600680.SH,上海普天,['SHPT']
600681.SH,百川能源,['BCNY']
600682.SH,南京新百,['NJXB']
600683.SH,京投银泰,['JTYT']
600684.SH,珠江实业,['ZJSY']
600685.SH,中船防务,['ZCFW']
600686.SH,金龙汽车,['JLQC']
600687.SH,刚泰控股,['GTKG']
600688.SH,上海石化,"['SHDH', 'SHSH']"
600689.SH,上海三毛,['SHSM']
600690.SH,青岛海尔,['QDHE']
600691.SH,阳煤化工,['YMHG']
600692.SH,亚通股份,['YTGF']
600693.SH,东百集团,['DBJT']
600694.SH,大商股份,['DSGF']
600695.SH,绿庭投资,['LTTZ']
600696.SH,匹凸匹,"['PTP', 'YTP', 'PTY', 'YTY']"
600697.SH,欧亚集团,['OYJT']
600698.SH,湖南天雁,['HNTY']
600699.SH,均胜电子,"['JSDZ', 'YSDZ']"
600701.SH,*ST工新,['*STGX']
600702.SH,沱牌舍得,['TPSD']
600703.SH,三安光电,['SAGD']
600704.SH,物产中大,['WCZD']
600705.SH,中航资本,['ZHZB']
600706.SH,曲江文旅,['QJWL']
600707.SH,彩虹股份,"['CHGF', 'CJGF']"
600708.SH,光明地产,['GMDC']
600710.SH,*ST常林,['*STCL']
600711.SH,盛屯矿业,"['CTKY', 'STKY', 'CZKY', 'SZKY']"
600712.SH,南宁百货,['NNBH']
600713.SH,南京医药,['NJYY']
600714.SH,金瑞矿业,['JRKY']
600715.SH,文投控股,['WTKG']
600716.SH,凤凰股份,['FHGF']
600717.SH,天津港,['TJG']
600718.SH,东软集团,['DRJT']
600719.SH,大连热电,['DLRD']
600720.SH,祁连山,['QLS']
600721.SH,*ST百花,['*STBH']
600722.SH,金牛化工,['JNHG']
600723.SH,首商股份,['SSGF']
600724.SH,宁波富达,['NBFD']
600725.SH,*ST云维,['*STYW']
600726.SH,华电能源,['HDNY']
600727.SH,鲁北化工,['LBHG']
600728.SH,佳都科技,['JDKJ']
600729.SH,重庆百货,"['CQBH', 'ZQBH']"
600730.SH,中国高科,['ZGGK']
600731.SH,湖南海利,['HNHL']
600732.SH,*ST新梅,['*STXM']
600733.SH,S前锋,['SQF']
600734.SH,实达集团,['SDJT']
600735.SH,新华锦,['XHJ']
600736.SH,苏州高新,['SZGX']
600737.SH,中粮屯河,"['ZLTH', 'ZLZH']"
600738.SH,兰州民百,['LZMB']
600739.SH,辽宁成大,['LNCD']
600740.SH,山西焦化,['SXJH']
600741.SH,华域汽车,['HYQC']
600742.SH,一汽富维,['YQFW']
600743.SH,华远地产,['HYDC']
600744.SH,华银电力,['HYDL']
600745.SH,中茵股份,['ZYGF']
600746.SH,江苏索普,['JSSP']
600747.SH,大连控股,['DLKG']
600748.SH,上实发展,['SSFZ']
600749.SH,西藏旅游,"['XCLY', 'XZLY']"
600750.SH,江中药业,['JZYY']
600751.SH,天海投资,['THTZ']
600753.SH,东方银星,['DFYX']
600754.SH,锦江股份,['JJGF']
600755.SH,厦门国贸,"['SMGM', 'XMGM']"
600756.SH,浪潮软件,['LCRJ']
600757.SH,长江传媒,"['CJCM', 'ZJCM', 'CJZM', 'ZJZM']"
600758.SH,红阳能源,"['GYNY', 'HYNY']"
600759.SH,洲际油气,['ZJYQ']
600760.SH,*ST黑豹,['*STHB']
600761.SH,安徽合力,"['AHGL', 'AHHL']"
600763.SH,通策医疗,['TCYL']
600764.SH,中电广通,"['ZDAT', 'ZDGT']"
600765.SH,中航重机,"['ZHCJ', 'ZHZJ']"
600766.SH,园城黄金,['YCHJ']
600767.SH,运盛医疗,"['YCYL', 'YSYL']"
600768.SH,宁波富邦,['NBFB']
600769.SH,祥龙电业,['XLDY']
600770.SH,综艺股份,['ZYGF']
600771.SH,广誉远,"['AYY', 'GYY']"
600773.SH,西藏城投,"['XCCT', 'XZCT']"
600774.SH,汉商集团,['HSJT']
600775.SH,南京熊猫,['NJXM']
600776.SH,东方通信,['DFTX']
600777.SH,新潮实业,['XCSY']
600778.SH,友好集团,['YHJT']
600779.SH,水井坊,['SJF']
600780.SH,通宝能源,['TBNY']
600781.SH,辅仁药业,['FRYY']
600782.SH,新钢股份,['XGGF']
600783.SH,鲁信创投,['LXCT']
600784.SH,鲁银投资,['LYTZ']
600785.SH,新华百货,['XHBH']
600787.SH,中储股份,['ZCGF']
600789.SH,鲁抗医药,['LKYY']
600790.SH,轻纺城,['QFC']
600791.SH,京能置业,['JNZY']
600792.SH,云煤能源,['YMNY']
600793.SH,ST宜纸,['STYZ']
600794.SH,保税科技,['BSKJ']
600795.SH,国电电力,['GDDL']
600796.SH,钱江生化,['QJSH']
600797.SH,浙大网新,['ZDWX']
600798.SH,宁波海运,['NBHY']
600800.SH,天津磁卡,"['TJCK', 'TJCQ']"
600801.SH,华新水泥,['HXSN']
600802.SH,福建水泥,['FJSN']
600803.SH,新奥股份,['XAGF']
600804.SH,鹏博士,['PBS']
600805.SH,悦达投资,['YDTZ']
600806.SH,*ST昆机,['*STKJ']
600807.SH,天业股份,['TYGF']
600808.SH,马钢股份,['MGGF']
600809.SH,山西汾酒,['SXFJ']
600810.SH,神马股份,['SMGF']
600811.SH,东方集团,['DFJT']
600812.SH,华北制药,['HBZY']
600814.SH,杭州解百,"['HZJB', 'HZXB']"
600815.SH,厦工股份,"['SGGF', 'XGGF']"
600816.SH,安信信托,['AXXT']
600817.SH,ST宏盛,"['STHC', 'STHS']"
600818.SH,中路股份,['ZLGF']
600819.SH,耀皮玻璃,['YPBL']
600820.SH,隧道股份,['SDGF']
600821.SH,津劝业,['JQY']
600822.SH,上海物贸,['SHWM']
600823.SH,世茂股份,['SMGF']
600824.SH,益民集团,['YMJT']
600825.SH,新华传媒,"['XHCM', 'XHZM']"
600826.SH,兰生股份,['LSGF']
600827.SH,百联股份,['BLGF']
600828.SH,茂业商业,['MYSY']
600829.SH,人民同泰,['RMTT']
600830.SH,香溢融通,['XYRT']
600831.SH,广电网络,"['ADWL', 'GDWL']"
600833.SH,第一医药,['DYYY']
600834.SH,申通地铁,['STDT']
600835.SH,上海机电,['SHJD']
600836.SH,界龙实业,['JLSY']
600837.SH,海通证券,['HTZQ']
600838.SH,上海九百,['SHJB']
600839.SH,四川长虹,"['SCCH', 'SCZH', 'SCCJ', 'SCZJ']"
600841.SH,上柴股份,['SCGF']
600843.SH,上工申贝,['SGSB']
600844.SH,丹化科技,['DHKJ']
600845.SH,宝信软件,['BXRJ']
600846.SH,同济科技,['TJKJ']
600847.SH,万里股份,"['MLGF', 'WLGF']"
600848.SH,上海临港,['SHLG']
600850.SH,华东电脑,['HDDN']
600851.SH,海欣股份,['HXGF']
600853.SH,龙建股份,['LJGF']
600854.SH,春兰股份,['CLGF']
600855.SH,航天长峰,"['HTCF', 'HTZF']"
600856.SH,中天能源,['ZTNY']
600857.SH,宁波中百,['NBZB']
600858.SH,银座股份,['YZGF']
600859.SH,王府井,['WFJ']
600860.SH,京城股份,['JCGF']
600861.SH,北京城乡,['BJCX']
600862.SH,中航高科,['ZHGK']
600863.SH,内蒙华电,['NMHD']
600864.SH,哈投股份,['HTGF']
600865.SH,百大集团,['BDJT']
600866.SH,ST星湖,['STXH']
600867.SH,通化东宝,['THDB']
600868.SH,梅雁吉祥,['MYJX']
600869.SH,智慧能源,['ZHNY']
600870.SH,厦华电子,"['SHDZ', 'XHDZ']"
600871.SH,石化油服,"['DHYF', 'SHYF']"
600872.SH,中炬高新,['ZJGX']
600873.SH,梅花生物,['MHSW']
600874.SH,创业环保,['CYHB']
600875.SH,东方电气,['DFDQ']
600876.SH,洛阳玻璃,['LYBL']
600877.SH,中国嘉陵,['ZGJL']
600879.SH,航天电子,['HTDZ']
600880.SH,博瑞传播,"['BRCB', 'BRZB']"
600881.SH,亚泰集团,['YTJT']
600882.SH,华联矿业,['HLKY']
600883.SH,博闻科技,['BWKJ']
600884.SH,杉杉股份,['SSGF']
600885.SH,宏发股份,['HFGF']
600886.SH,国投电力,['GTDL']
600887.SH,伊利股份,['YLGF']
600888.SH,新疆众和,['XJZH']
600889.SH,南京化纤,"['NJHQ', 'NJHX']"
600890.SH,中房股份,['ZFGF']
600891.SH,秋林集团,['QLJT']
600892.SH,宝诚股份,['BCGF']
600893.SH,中航动力,['ZHDL']
600894.SH,广日股份,"['ARGF', 'GRGF']"
600895.SH,张江高科,['ZJGK']
600896.SH,中海海盛,"['ZHHC', 'ZHHS']"
600897.SH,厦门空港,"['SMKG', 'XMKG']"
600898.SH,三联商社,['SLSS']
600900.SH,长江电力,"['CJDL', 'ZJDL']"
600917.SH,重庆燃气,"['CQRQ', 'ZQRQ']"
600958.SH,东方证券,['DFZQ']
600959.SH,江苏有线,['JSYX']
600960.SH,渤海活塞,['BHHS']
600961.SH,株冶集团,['ZYJT']
600962.SH,国投中鲁,['GTZL']
600963.SH,岳阳林纸,['YYLZ']
600965.SH,福成股份,['FCGF']
600966.SH,博汇纸业,['BHZY']
600967.SH,北方创业,['BFCY']
600969.SH,郴电国际,['CDGJ']
600970.SH,中材国际,['ZCGJ']
600971.SH,恒源煤电,['HYMD']
600973.SH,宝胜股份,['BSGF']
600975.SH,新五丰,['XWF']
600976.SH,健民集团,['JMJT']
600978.SH,宜华木业,['YHMY']
600979.SH,广安爱众,"['AAAZ', 'GAAZ']"
600980.SH,北矿磁材,['BKCC']
600981.SH,汇鸿集团,['HHJT']
600982.SH,宁波热电,['NBRD']
600983.SH,惠而浦,['HEP']
600984.SH,建设机械,['JSJX']
600985.SH,雷鸣科化,['LMKH']
600986.SH,科达股份,['KDGF']
600987.SH,航民股份,['HMGF']
600988.SH,赤峰黄金,['CFHJ']
600990.SH,四创电子,['SCDZ']
600992.SH,贵绳股份,['GSGF']
600993.SH,马应龙,['MYL']
600995.SH,文山电力,['WSDL']
600997.SH,开滦股份,['KLGF']
600998.SH,九州通,['JZT']
600999.SH,招商证券,['ZSZQ']
601000.SH,唐山港,['TSG']
601001.SH,大同煤业,['DTMY']
601002.SH,晋亿实业,['JYSY']
601003.SH,柳钢股份,['LGGF']
601005.SH,重庆钢铁,"['CQGT', 'ZQGT']"
601006.SH,大秦铁路,['DQTL']
601007.SH,金陵饭店,['JLFD']
601008.SH,连云港,['LYG']
601009.SH,南京银行,"['NJYH', 'NJYX']"
601010.SH,文峰股份,['WFGF']
601011.SH,宝泰隆,['BTL']
601012.SH,隆基股份,['LJGF']
601015.SH,陕西黑猫,['SXHM']
601016.SH,节能风电,['JNFD']
601018.SH,宁波港,['NBG']
601020.SH,华钰矿业,['HYKY']
601021.SH,春秋航空,['CQHK']
601028.SH,玉龙股份,['YLGF']
601038.SH,一拖股份,['YTGF']
601058.SH,赛轮金宇,['SLJY']
601069.SH,西部黄金,['XBHJ']
601088.SH,中国神华,['ZGSH']
601098.SH,中南传媒,"['ZNCM', 'ZNZM']"
601099.SH,太平洋,['TPY']
601100.SH,恒立液压,['HLYY']
601101.SH,昊华能源,['HHNY']
601106.SH,中国一重,"['ZGYC', 'ZGYZ']"
601107.SH,四川成渝,['SCCY']
601111.SH,中国国航,['ZGGH']
601113.SH,华鼎股份,['HDGF']
601116.SH,三江购物,['SJGW']
601117.SH,中国化学,['ZGHX']
601118.SH,海南橡胶,['HNXJ']
601126.SH,四方股份,['SFGF']
601137.SH,博威合金,"['BWGJ', 'BWHJ']"
601139.SH,深圳燃气,['SZRQ']
601155.SH,新城控股,['XCKG']
601158.SH,重庆水务,"['CQSW', 'ZQSW']"
601166.SH,兴业银行,"['XYYH', 'XYYX']"
601168.SH,西部矿业,['XBKY']
601169.SH,北京银行,"['BJYH', 'BJYX']"
601177.SH,杭齿前进,['HCQJ']
601179.SH,中国西电,['ZGXD']
601186.SH,中国铁建,['ZGTJ']
601188.SH,龙江交通,['LJJT']
601198.SH,东兴证券,['DXZQ']
601199.SH,江南水务,['JNSW']
601208.SH,东材科技,['DCKJ']
601211.SH,国泰君安,['GTJA']
601216.SH,君正集团,['JZJT']
601218.SH,吉鑫科技,['JXKJ']
601222.SH,林洋能源,['LYNY']
601225.SH,陕西煤业,['SXMY']
601226.SH,华电重工,"['HDCG', 'HDZG']"
601231.SH,环旭电子,['HXDZ']
601233.SH,桐昆股份,['TKGF']
601238.SH,广汽集团,"['AQJT', 'GQJT']"
601258.SH,庞大集团,['PDJT']
601288.SH,农业银行,"['NYYH', 'NYYX']"
601311.SH,骆驼股份,['LTGF']
601313.SH,江南嘉捷,['JNJJ']
601318.SH,中国平安,['ZGPA']
601328.SH,交通银行,"['JTYH', 'JTYX']"
601333.SH,广深铁路,"['ASTL', 'GSTL']"
601336.SH,新华保险,['XHBX']
601339.SH,百隆东方,['BLDF']
601368.SH,绿城水务,['LCSW']
601369.SH,陕鼓动力,['SGDL']
601377.SH,兴业证券,['XYZQ']
601388.SH,怡球资源,['YQZY']
601390.SH,中国中铁,['ZGZT']
601398.SH,工商银行,"['GSYH', 'GSYX']"
601515.SH,东风股份,['DFGF']
601518.SH,吉林高速,['JLGS']
601519.SH,大智慧,['DZH']
601555.SH,东吴证券,['DWZQ']
601558.SH,华锐风电,['HRFD']
601566.SH,九牧王,['JMW']
601567.SH,三星医疗,['SXYL']
601579.SH,会稽山,"['HJS', 'KJS', 'HQS', 'KQS']"
601588.SH,北辰实业,['BCSY']
601599.SH,鹿港科技,['LGKJ']
601600.SH,中国铝业,['ZGLY']
601601.SH,中国太保,['ZGTB']
601607.SH,上海医药,['SHYY']
601608.SH,中信重工,"['ZXCG', 'ZXZG']"
601616.SH,广电电气,"['ADDQ', 'GDDQ']"
601618.SH,中国中冶,['ZGZY']
601628.SH,中国人寿,['ZGRS']
601633.SH,长城汽车,"['CCQC', 'ZCQC']"
601636.SH,旗滨集团,['QBJT']
601666.SH,平煤股份,['PMGF']
601668.SH,中国建筑,['ZGJZ']
601669.SH,中国电建,['ZGDJ']
601677.SH,明泰铝业,['MTLY']
601678.SH,滨化股份,['BHGF']
601688.SH,华泰证券,['HTZQ']
601689.SH,拓普集团,['TPJT']
601699.SH,潞安环能,['LAHN']
601700.SH,风范股份,['FFGF']
601717.SH,郑煤机,['ZMJ']
601718.SH,际华集团,['JHJT']
601727.SH,上海电气,['SHDQ']
601766.SH,中国中车,['ZGZC']
601777.SH,力帆股份,['LFGF']
601788.SH,光大证券,['GDZQ']
601789.SH,宁波建工,['NBJG']
601798.SH,蓝科高新,['LKGX']
601799.SH,星宇股份,['XYGF']
601800.SH,中国交建,['ZGJJ']
601801.SH,皖新传媒,"['WXCM', 'WXZM']"
601808.SH,中海油服,['ZHYF']
601818.SH,光大银行,"['GDYH', 'GDYX']"
601857.SH,中国石油,"['ZGDY', 'ZGSY']"
601866.SH,中海集运,['ZHJY']
601872.SH,招商轮船,['ZSLC']
601877.SH,正泰电器,['ZTDQ']
601880.SH,大连港,['DLG']
601886.SH,江河集团,['JHJT']
601888.SH,中国国旅,['ZGGL']
601890.SH,亚星锚链,['YXML']
601898.SH,中煤能源,['ZMNY']
601899.SH,紫金矿业,['ZJKY']
601900.SH,南方传媒,"['NFCM', 'NFZM']"
601901.SH,方正证券,['FZZQ']
601908.SH,京运通,['JYT']
601918.SH,*ST新集,['*STXJ']
601919.SH,中国远洋,['ZGYY']
601928.SH,凤凰传媒,"['FHCM', 'FHZM']"
601929.SH,吉视传媒,"['JSCM', 'JSZM']"
601933.SH,永辉超市,['YHCS']
601939.SH,建设银行,"['JSYH', 'JSYX']"
601958.SH,金钼股份,['JMGF']
601965.SH,中国汽研,['ZGQY']
601968.SH,宝钢包装,['BGBZ']
601969.SH,海南矿业,['HNKY']
601985.SH,中国核电,['ZGHD']
601988.SH,中国银行,"['ZGYH', 'ZGYX']"
601989.SH,中国重工,"['ZGCG', 'ZGZG']"
601991.SH,大唐发电,['DTFD']
601992.SH,金隅股份,['JYGF']
601996.SH,丰林集团,['FLJT']
601998.SH,中信银行,"['ZXYH', 'ZXYX']"
601999.SH,出版传媒,"['CBCM', 'CBZM']"
603000.SH,人民网,['RMW']
603001.SH,奥康国际,['AKGJ']
603002.SH,宏昌电子,['HCDZ']
603003.SH,龙宇燃油,['LYRY']
603005.SH,晶方科技,['JFKJ']
603006.SH,联明股份,['LMGF']
603008.SH,喜临门,['XLM']
603009.SH,北特科技,['BTKJ']
603010.SH,万盛股份,"['MCGF', 'WCGF', 'MSGF', 'WSGF']"
603011.SH,合锻智能,"['GDZN', 'HDZN']"
603012.SH,创力集团,['CLJT']
603015.SH,弘讯科技,['HXKJ']
603017.SH,中衡设计,['ZHSJ']
603018.SH,设计股份,['SJGF']
603019.SH,中科曙光,['ZKSG']
603020.SH,爱普股份,['APGF']
603021.SH,山东华鹏,['SDHP']
603022.SH,新通联,['XTL']
603023.SH,威帝股份,['WDGF']
603025.SH,大豪科技,['DHKJ']
603026.SH,石大胜华,"['DDSH', 'SDSH']"
603027.SH,千禾味业,['QHWY']
603028.SH,赛福天,['SFT']
603029.SH,天鹅股份,['TEGF']
603030.SH,全筑股份,['QZGF']
603066.SH,音飞储存,['YFCC']
603077.SH,和邦生物,['HBSW']
603085.SH,天成自控,['TCZK']
603088.SH,宁波精达,['NBJD']
603099.SH,长白山,"['CBS', 'ZBS']"
603100.SH,川仪股份,['CYGF']
603101.SH,汇嘉时代,['HJSD']
603108.SH,润达医疗,['RDYL']
603111.SH,康尼机电,['KNJD']
603116.SH,红蜻蜓,"['GQT', 'HQT']"
603117.SH,万林股份,"['MLGF', 'WLGF']"
603118.SH,共进股份,['GJGF']
603123.SH,翠微股份,['CWGF']
603126.SH,中材节能,['ZCJN']
603128.SH,华贸物流,['HMWL']
603158.SH,腾龙股份,['TLGF']
603166.SH,福达股份,['FDGF']
603167.SH,渤海轮渡,['BHLD']
603168.SH,莎普爱思,['SPAS']
603169.SH,兰石重装,"['LDCZ', 'LSCZ', 'LDZZ', 'LSZZ']"
603188.SH,亚邦股份,['YBGF']
603198.SH,迎驾贡酒,['YJGJ']
603199.SH,九华旅游,['JHLY']
603222.SH,济民制药,['JMZY']
603223.SH,恒通股份,['HTGF']
603227.SH,雪峰科技,['XFKJ']
603268.SH,松发股份,['SFGF']
603288.SH,海天味业,['HTWY']
603299.SH,井神股份,['JSGF']
603300.SH,华铁科技,['HTKJ']
603306.SH,华懋科技,['HMKJ']
603308.SH,应流股份,['YLGF']
603309.SH,维力医疗,['WLYL']
603311.SH,金海环境,['JHHJ']
603315.SH,福鞍股份,['FAGF']
603318.SH,派思股份,['PSGF']
603328.SH,依顿电子,['YDDZ']
603333.SH,明星电缆,['MXDL']
603338.SH,浙江鼎力,['ZJDL']
603339.SH,四方冷链,['SFLL']
603355.SH,莱克电气,['LKDQ']
603366.SH,日出东方,['RCDF']
603368.SH,柳州医药,['LZYY']
603369.SH,今世缘,['JSY']
603377.SH,东方时尚,['DFSS']
603398.SH,邦宝益智,['BBYZ']
603399.SH,新华龙,['XHL']
603456.SH,九洲药业,['JZYY']
603508.SH,思维列控,['SWLK']
603518.SH,维格娜丝,['WGNS']
603519.SH,立霸股份,['LBGF']
603520.SH,司太立,['STL']
603528.SH,多伦科技,['DLKJ']
603555.SH,贵人鸟,"['GRD', 'GRN']"
603558.SH,健盛集团,"['JCJT', 'JSJT']"
603566.SH,普莱柯,['PLK']
603567.SH,珍宝岛,['ZBD']
603568.SH,伟明环保,['WMHB']
603588.SH,高能环境,['GNHJ']
603589.SH,口子窖,['KZJ']
603598.SH,引力传媒,"['YLCM', 'YLZM']"
603599.SH,广信股份,"['AXGF', 'GXGF']"
603600.SH,永艺股份,['YYGF']
603601.SH,再升科技,['ZSKJ']
603606.SH,东方电缆,['DFDL']
603608.SH,天创时尚,['TCSS']
603609.SH,禾丰牧业,['HFMY']
603611.SH,诺力股份,['NLGF']
603616.SH,韩建河山,['HJHS']
603618.SH,杭电股份,['HDGF']
603636.SH,南威软件,['NWRJ']
603669.SH,灵康药业,['LKYY']
603678.SH,火炬电子,['HJDZ']
603686.SH,龙马环卫,['LMHW']
603688.SH,石英股份,"['DYGF', 'SYGF']"
603696.SH,安记食品,['AJSP']
603698.SH,航天工程,['HTGC']
603699.SH,纽威股份,['NWGF']
603701.SH,德宏股份,['DHGF']
603703.SH,盛洋科技,"['CYKJ', 'SYKJ']"
603718.SH,海利生物,['HLSW']
603726.SH,朗迪集团,['LDJT']
603729.SH,龙韵股份,['LYGF']
603766.SH,隆鑫通用,['LXTY']
603778.SH,乾景园林,"['GJYL', 'QJYL']"
603779.SH,威龙股份,['WLGF']
603788.SH,宁波高发,['NBGF']
603789.SH,星光农机,['XGNJ']
603798.SH,康普顿,['KPD']
603799.SH,华友钴业,['HYGY']
603800.SH,道森股份,['DSGF']
603806.SH,福斯特,['FST']
603808.SH,歌力思,['GLS']
603818.SH,曲美家居,['QMJJ']
603822.SH,嘉澳环保,['JAHB']
603828.SH,柯利达,['KLD']
603838.SH,四通股份,['STGF']
603861.SH,白云电器,['BYDQ']
603866.SH,桃李面包,['TLMB']
603868.SH,飞科电器,['FKDQ']
603869.SH,北部湾旅,['BBWL']
603883.SH,老百姓,['LBX']
603885.SH,吉祥航空,['JXHK']
603889.SH,新澳股份,['XAGF']
603898.SH,好莱客,['HLK']
603899.SH,晨光文具,['CGWJ']
603901.SH,永创智能,['YCZN']
603918.SH,金桥信息,['JQXX']
603919.SH,金徽酒,['JHJ']
603936.SH,博敏电子,['BMDZ']
603939.SH,益丰药房,['YFYF']
603959.SH,百利科技,['BLKJ']
603968.SH,醋化股份,['CHGF']
603969.SH,银龙股份,['YLGF']
603979.SH,金诚信,['JCX']
603988.SH,中电电机,['ZDDJ']
603989.SH,艾华集团,"['AHJT', 'YHJT']"
603993.SH,洛阳钼业,['LYMY']
603996.SH,中新科技,['ZXKJ']
603997.SH,继峰股份,['JFGF']
603998.SH,方盛制药,"['FCZY', 'FSZY']"
603999.SH,读者传媒,"['DZCM', 'DZZM']"
